2022 06-28, 13:42, 0.88 ms , 946.94 Mbps , 948.56 Mbps ,
2022 06-28, 13:55, 0.92 ms , 948.62 Mbps , 306.56 Mbps ,
2022 06-28, 14:25,
2022 06-28, 14:55,
2022 06-28, 15:03, 0.62 ms , 951.82 Mbps , 693.17 Mbps ,
2022 06-28, 15:25, 0.83 ms , 951.42 Mbps , 240.53 Mbps ,
2022 06-28, 15:55, 0.59 ms , 948.90 Mbps , 237.16 Mbps ,
2022 06-28, 16:26, 0.75 ms , 945.26 Mbps , 159.11 Mbps ,
2022 06-28, 16:56, 0.91 ms , 946.20 Mbps , 162.83 Mbps ,
2022 06-28, 17:26, 0.82 ms , 949.96 Mbps , 339.43 Mbps ,
2022 06-28, 17:57, 0.92 ms , 947.14 Mbps , 126.71 Mbps ,
2022 06-28, 18:27, 0.89 ms , 949.98 Mbps , 22.92 Mbps ,
2022 06-28, 18:57, 0.92 ms , 948.12 Mbps , 0.35 Mbps ,
2022 06-28, 19:28, 0.84 ms , 940.40 Mbps , 0.71 Mbps ,
2022 06-28, 19:58, 0.74 ms , 946.79 Mbps , 0.14 Mbps ,
2022 06-28, 20:28, 0.91 ms , 948.31 Mbps , 217.35 Mbps ,
2022 06-28, 20:59, 0.86 ms , 948.85 Mbps , 2.85 Mbps ,
2022 06-28, 21:29, 0.83 ms , 946.98 Mbps , FAILED ,
2022 06-28, 21:59,
2022 06-28, 22:29,
2022 06-28, 23:00,
2022 06-28, 23:30,
2022 06-29, 00:00, 0.94 ms , 945.01 Mbps , FAILED ,
2022 06-29, 00:30, 0.89 ms , 948.28 Mbps , 3.72 Mbps ,
2022 06-29, 01:01, 0.82 ms , 949.95 Mbps , 46.13 Mbps ,
2022 06-29, 01:31, 0.90 ms , 947.21 Mbps , 15.93 Mbps ,
2022 06-29, 02:01, 0.83 ms , 948.21 Mbps , 102.00 Mbps ,
2022 06-29, 02:32, 0.94 ms , 948.38 Mbps , 260.95 Mbps ,
2022 06-29, 03:02, 0.87 ms , 946.34 Mbps , 235.00 Mbps ,
2022 06-29, 03:32, 0.88 ms , 947.76 Mbps , 5.06 Mbps ,
2022 06-29, 04:02, 0.87 ms , 947.17 Mbps , 14.93 Mbps ,
2022 06-29, 04:33, 0.90 ms , 949.86 Mbps , 294.05 Mbps ,
2022 06-29, 05:03, 0.86 ms , 951.91 Mbps , 352.11 Mbps ,
2022 06-29, 05:33, 0.83 ms , 950.88 Mbps , 230.55 Mbps ,
2022 06-29, 06:04, 0.91 ms , 947.68 Mbps , 13.38 Mbps ,
2022 06-29, 06:34, 0.88 ms , 948.83 Mbps , 339.42 Mbps ,
2022 06-29, 07:04, 0.92 ms , 945.88 Mbps , 398.78 Mbps ,
2022 06-29, 07:34, 0.95 ms , 950.58 Mbps , 72.70 Mbps ,
2022 06-29, 08:05, 0.84 ms , 951.08 Mbps , 16.89 Mbps ,
2022 06-29, 08:35, 0.88 ms , 946.14 Mbps , 442.41 Mbps ,
2022 06-29, 09:05, 0.85 ms , 948.60 Mbps , 636.69 Mbps ,
2022 06-29, 09:35, 0.77 ms , 949.99 Mbps , 620.08 Mbps ,
2022 06-29, 10:06, 0.85 ms , 949.34 Mbps , 259.46 Mbps ,
2022 06-29, 10:36,
2022 06-29, 11:06, 0.86 ms , 947.79 Mbps , 19.16 Mbps ,
2022 06-29, 11:37, 0.70 ms , 948.37 Mbps , FAILED ,
2022 06-29, 12:07, 0.92 ms , 947.71 Mbps , 1.49 Mbps ,
2022 06-29, 12:37,
2022 06-29, 13:07,
2022 06-29, 13:37,
2022 06-29, 14:08, 0.84 ms , 948.91 Mbps , 0.19 Mbps ,
2022 06-29, 14:38,
2022 06-29, 15:08, 0.90 ms , 947.69 Mbps , FAILED ,
2022 06-29, 15:39,
2022 06-29, 16:09,
2022 06-29, 16:39,
2022 06-29, 17:09,
2022 06-29, 17:39, 0.83 ms , 949.62 Mbps , 97.25 Mbps ,
2022 06-29, 18:10,
2022 06-29, 18:40,
2022 06-29, 19:10, 0.90 ms , 950.85 Mbps , 0.20 Mbps ,
2022 06-29, 19:40,
2022 06-29, 20:10, 0.74 ms , 947.16 Mbps , 280.37 Mbps ,
2022 06-29, 20:41, 0.76 ms , 945.70 Mbps , FAILED ,
2022 06-29, 21:11,
2022 06-29, 21:41, 0.73 ms , 942.25 Mbps , FAILED ,
2022 06-29, 22:11, 0.87 ms , 949.08 Mbps , 752.11 Mbps ,
2022 06-29, 22:42, 0.82 ms , 945.88 Mbps , 949.00 Mbps ,
2022 06-29, 23:12, 0.80 ms , 950.63 Mbps , 948.46 Mbps ,
2022 06-29, 23:42, 0.80 ms , 948.67 Mbps , 948.85 Mbps ,
2022 06-30, 00:12, 0.83 ms , 950.73 Mbps , 946.72 Mbps ,
2022 06-30, 00:42, 0.80 ms , 949.33 Mbps , 193.50 Mbps ,
2022 06-30, 01:13, 0.80 ms , 950.79 Mbps , 354.29 Mbps ,
2022 06-30, 01:43, 0.84 ms , 952.37 Mbps , 947.71 Mbps ,
2022 06-30, 02:13, 0.72 ms , 947.92 Mbps , 929.67 Mbps ,
2022 06-30, 02:43, 0.88 ms , 949.73 Mbps , 282.53 Mbps ,
2022 06-30, 03:13, 0.75 ms , 946.68 Mbps , 466.42 Mbps ,
2022 06-30, 03:44, 0.73 ms , 949.53 Mbps , 935.15 Mbps ,
2022 06-30, 04:14, 0.86 ms , 949.41 Mbps , 630.31 Mbps ,
2022 06-30, 04:44, 0.75 ms , 947.82 Mbps , 616.85 Mbps ,
2022 06-30, 05:14, 0.83 ms , 949.01 Mbps , 925.96 Mbps ,
2022 06-30, 05:44, 0.82 ms , 947.33 Mbps , 948.78 Mbps ,
2022 06-30, 06:15, 0.82 ms , 950.60 Mbps , 948.79 Mbps ,
2022 06-30, 06:45, 0.83 ms , 950.07 Mbps , 946.99 Mbps ,
2022 06-30, 07:15, 0.81 ms , 949.01 Mbps , 948.74 Mbps ,
2022 06-30, 07:45, 0.93 ms , 949.12 Mbps , 940.36 Mbps ,
2022 06-30, 08:15, 0.90 ms , 945.42 Mbps , FAILED ,
2022 06-30, 08:46, 0.82 ms , 949.05 Mbps , 289.70 Mbps ,
2022 06-30, 09:16, 0.81 ms , 947.71 Mbps , 0.65 Mbps ,
2022 06-30, 09:46, 0.86 ms , 950.89 Mbps , 540.18 Mbps ,
2022 06-30, 10:16, 0.89 ms , 948.72 Mbps , 461.88 Mbps ,
2022 06-30, 10:47, 0.75 ms , 951.15 Mbps , 948.36 Mbps ,
2022 06-30, 11:17, 0.84 ms , 947.96 Mbps , 945.91 Mbps ,
2022 06-30, 11:47, 0.94 ms , 950.99 Mbps , 943.78 Mbps ,
2022 06-30, 12:17, 0.85 ms , 948.75 Mbps , 878.69 Mbps ,
2022 06-30, 12:48, 0.82 ms , 948.35 Mbps , 1.13 Mbps ,
2022 06-30, 13:18, 0.89 ms , 947.28 Mbps , FAILED ,
2022 06-30, 13:48, 0.85 ms , 949.43 Mbps , 948.64 Mbps ,
2022 06-30, 14:18, 0.87 ms , 948.33 Mbps , 572.01 Mbps ,
2022 06-30, 14:49, 0.58 ms , 949.17 Mbps , 947.77 Mbps ,
2022 06-30, 15:19, 0.81 ms , 949.91 Mbps , 948.68 Mbps ,
2022 06-30, 15:49, 0.86 ms , 949.13 Mbps , 948.57 Mbps ,
2022 06-30, 16:19, 0.82 ms , 947.88 Mbps , 948.91 Mbps ,
2022 06-30, 16:50,
2022 06-30, 17:20, 0.73 ms , 950.56 Mbps , 947.50 Mbps ,
2022 06-30, 17:50, 0.76 ms , 951.04 Mbps , 265.61 Mbps ,
2022 06-30, 18:20, 0.95 ms , 950.31 Mbps , 0.09 Mbps ,
2022 06-30, 18:51, 0.76 ms , 952.59 Mbps , 948.72 Mbps ,
2022 06-30, 19:21, 0.72 ms , 948.80 Mbps , 948.95 Mbps ,
2022 06-30, 19:51, 0.94 ms , 949.97 Mbps , 610.12 Mbps ,
2022 06-30, 20:21, 0.86 ms , 948.13 Mbps , FAILED ,
2022 06-30, 20:52,
2022 06-30, 21:22,
2022 06-30, 21:52,
2022 06-30, 22:22, 0.92 ms , 948.66 Mbps , 0.22 Mbps ,
2022 06-30, 22:52, 0.85 ms , 947.89 Mbps , 6.07 Mbps ,
2022 06-30, 23:23, 0.90 ms , 946.78 Mbps , 0.06 Mbps ,
2022 06-30, 23:53, 0.91 ms , 948.21 Mbps , FAILED ,
2022 07-01, 00:24, 0.91 ms , 946.32 Mbps , 5.12 Mbps ,
2022 07-01, 00:54, 0.89 ms , 947.95 Mbps , 130.11 Mbps ,
2022 07-01, 01:24, 0.81 ms , 949.74 Mbps , 25.34 Mbps ,
2022 07-01, 01:55, 0.93 ms , 946.38 Mbps , 0.16 Mbps ,
2022 07-01, 02:25, 0.82 ms , 950.77 Mbps , 0.20 Mbps ,
2022 07-01, 02:55, 0.90 ms , 948.37 Mbps , 6.28 Mbps ,
2022 07-01, 03:26, 0.85 ms , 949.57 Mbps , 39.76 Mbps ,
2022 07-01, 03:56, 0.89 ms , 947.11 Mbps , 0.05 Mbps ,
2022 07-01, 04:26, 0.91 ms , 947.02 Mbps , FAILED ,
2022 07-01, 04:57, 0.91 ms , 947.66 Mbps , FAILED ,
2022 07-01, 05:27, 0.83 ms , 949.60 Mbps , FAILED ,
2022 07-01, 05:57, 0.83 ms , 947.96 Mbps , FAILED ,
2022 07-01, 06:28, 0.92 ms , 940.12 Mbps , FAILED ,
2022 07-01, 06:58, 0.80 ms , 947.48 Mbps , FAILED ,
2022 07-01, 07:28, 0.84 ms , 946.43 Mbps , FAILED ,
2022 07-01, 07:58,
2022 07-01, 08:29,
2022 07-01, 08:59, 0.95 ms , 949.07 Mbps , 948.72 Mbps ,
2022 07-01, 09:29, 0.89 ms , 948.68 Mbps , 765.93 Mbps ,
2022 07-01, 09:59, 0.81 ms , 939.96 Mbps , FAILED ,
2022 07-01, 10:30, 0.86 ms , 943.85 Mbps , 0.64 Mbps ,
2022 07-01, 10:39, 0.53 ms , 946.25 Mbps , 198.92 Mbps ,
2022 07-01, 11:09, 0.87 ms , 947.33 Mbps , 12.30 Mbps ,
2022 07-01, 11:40, 0.94 ms , 949.75 Mbps , 340.13 Mbps ,
2022 07-01, 12:10, 0.78 ms , 949.41 Mbps , 844.60 Mbps ,
2022 07-01, 12:40, 0.74 ms , 951.19 Mbps , 0.20 Mbps ,
2022 07-01, 13:10, 0.93 ms , 950.96 Mbps , 280.07 Mbps ,
2022 07-01, 13:41, 0.87 ms , 949.07 Mbps , 1.28 Mbps ,
2022 07-01, 14:11, 0.87 ms , 946.03 Mbps , 0.20 Mbps ,
2022 07-01, 14:42, 0.79 ms , 945.97 Mbps , 947.88 Mbps ,
2022 07-01, 15:12, 0.80 ms , 947.25 Mbps , 948.50 Mbps ,
2022 07-01, 15:42, 0.92 ms , 950.41 Mbps , 168.24 Mbps ,
2022 07-01, 16:12, 0.78 ms , 949.77 Mbps , 805.36 Mbps ,
2022 07-01, 16:43, 0.82 ms , 947.90 Mbps , 948.70 Mbps ,
2022 07-01, 17:13, 0.88 ms , 949.45 Mbps , 935.90 Mbps ,
2022 07-01, 17:43, 0.75 ms , 946.41 Mbps , 948.67 Mbps ,
2022 07-01, 18:13, 0.68 ms , 947.76 Mbps , 947.83 Mbps ,
2022 07-01, 18:43, 0.89 ms , 947.56 Mbps , 56.46 Mbps ,
2022 07-01, 19:14,
2022 07-01, 19:44, 0.89 ms , 949.03 Mbps , 791.14 Mbps ,
2022 07-01, 20:14, 0.92 ms , 949.25 Mbps , 0.60 Mbps ,
2022 07-01, 20:44,
2022 07-01, 21:14, 0.93 ms , 950.31 Mbps , 14.01 Mbps ,
2022 07-01, 21:45, 0.94 ms , 949.65 Mbps , 635.29 Mbps ,
2022 07-01, 22:15, 0.89 ms , 948.73 Mbps , 942.69 Mbps ,
2022 07-01, 22:45, 0.69 ms , 946.92 Mbps , 948.99 Mbps ,
2022 07-01, 23:15, 0.81 ms , 953.54 Mbps , 948.68 Mbps ,
2022 07-01, 23:46, 0.88 ms , 948.01 Mbps , 845.17 Mbps ,
2022 07-01, 23:55, 0.85 ms , 947.09 Mbps , 947.31 Mbps ,
2022 07-02, 00:25, 0.87 ms , 948.94 Mbps , 948.23 Mbps ,
2022 07-02, 00:55, 0.86 ms , 947.68 Mbps , 316.67 Mbps ,
2022 07-02, 01:25, 0.82 ms , 948.04 Mbps , 881.77 Mbps ,
2022 07-02, 01:56, 0.68 ms , 947.82 Mbps , 948.51 Mbps ,
2022 07-02, 02:26, 0.89 ms , 949.07 Mbps , 907.80 Mbps ,
2022 07-02, 02:56, 0.86 ms , 949.46 Mbps , 389.28 Mbps ,
2022 07-02, 03:26, 0.82 ms , 948.09 Mbps , 933.22 Mbps ,
2022 07-02, 03:56, 0.86 ms , 952.03 Mbps , 949.00 Mbps ,
2022 07-02, 04:26, 0.72 ms , 945.50 Mbps , 948.68 Mbps ,
2022 07-02, 04:57, 0.83 ms , 948.81 Mbps , 948.71 Mbps ,
2022 07-02, 05:27, 0.92 ms , 950.05 Mbps , 948.41 Mbps ,
2022 07-02, 05:57, 0.92 ms , 948.82 Mbps , 948.70 Mbps ,
2022 07-02, 06:27, 0.80 ms , 948.21 Mbps , 947.97 Mbps ,
2022 07-02, 06:57, 0.87 ms , 947.51 Mbps , 947.65 Mbps ,
2022 07-02, 07:28, 0.83 ms , 951.76 Mbps , 948.75 Mbps ,
2022 07-02, 07:58, 0.86 ms , 951.25 Mbps , 948.74 Mbps ,
2022 07-02, 08:28, 0.97 ms , 949.30 Mbps , 929.17 Mbps ,
2022 07-02, 08:58, 0.84 ms , 948.92 Mbps , 948.66 Mbps ,
2022 07-02, 09:28, 0.87 ms , 948.90 Mbps , 948.85 Mbps ,
2022 07-02, 09:58, 0.84 ms , 947.82 Mbps , 948.49 Mbps ,
2022 07-02, 10:29, 0.89 ms , 948.05 Mbps , 947.26 Mbps ,
2022 07-02, 10:59, 0.76 ms , 946.42 Mbps , 948.45 Mbps ,
2022 07-02, 11:29, 0.89 ms , 944.89 Mbps , 881.82 Mbps ,
2022 07-02, 11:59, 0.91 ms , 949.50 Mbps , 948.53 Mbps ,
2022 07-02, 12:29, 0.91 ms , 949.89 Mbps , 419.14 Mbps ,
2022 07-02, 13:00, 0.83 ms , 949.36 Mbps , 948.63 Mbps ,
2022 07-02, 13:30, 0.91 ms , 951.61 Mbps , 948.82 Mbps ,
2022 07-02, 14:00, 0.82 ms , 947.75 Mbps , 948.36 Mbps ,
2022 07-02, 14:30, 0.89 ms , 947.41 Mbps , 948.35 Mbps ,
2022 07-02, 15:00, 0.76 ms , 950.00 Mbps , 948.74 Mbps ,
2022 07-02, 15:31, 0.89 ms , 951.73 Mbps , 949.07 Mbps ,
2022 07-02, 16:01, 0.61 ms , 948.71 Mbps , 948.85 Mbps ,
2022 07-02, 16:31, 0.82 ms , 948.31 Mbps , 946.36 Mbps ,
2022 07-02, 17:01, 0.94 ms , 950.76 Mbps , 949.19 Mbps ,
2022 07-02, 17:31, 0.90 ms , 950.84 Mbps , 946.42 Mbps ,
2022 07-02, 18:01, 0.87 ms , 948.90 Mbps , 948.72 Mbps ,
2022 07-02, 18:32, 0.73 ms , 947.20 Mbps , 948.87 Mbps ,
2022 07-02, 19:02, 0.84 ms , 950.27 Mbps , 949.11 Mbps ,
2022 07-02, 19:32, 0.86 ms , 951.58 Mbps , 949.10 Mbps ,
2022 07-02, 20:02, 0.85 ms , 947.46 Mbps , 948.52 Mbps ,
2022 07-02, 20:32, 0.85 ms , 944.04 Mbps , 947.77 Mbps ,
2022 07-02, 21:02, 0.86 ms , 946.83 Mbps , 948.68 Mbps ,
2022 07-02, 21:33, 0.93 ms , 950.10 Mbps , 948.75 Mbps ,
2022 07-02, 22:03, 0.87 ms , 949.01 Mbps , 948.83 Mbps ,
2022 07-02, 22:33, 0.85 ms , 947.05 Mbps , 946.23 Mbps ,
2022 07-02, 23:03, 0.94 ms , 943.69 Mbps , 948.74 Mbps ,
2022 07-02, 23:33, 0.56 ms , 949.02 Mbps , 948.84 Mbps ,
2022 07-02, 23:55, 0.79 ms , 951.17 Mbps , 673.57 Mbps ,
2022 07-03, 00:25, 0.91 ms , 950.51 Mbps , 936.92 Mbps ,
2022 07-03, 00:55, 0.86 ms , 949.60 Mbps , 606.32 Mbps ,
2022 07-03, 01:25, 0.85 ms , 949.45 Mbps , 60.10 Mbps ,
2022 07-03, 01:56, 0.87 ms , 950.00 Mbps , 10.73 Mbps ,
2022 07-03, 02:26, 0.97 ms , 950.03 Mbps , 450.39 Mbps ,
2022 07-03, 02:56, 0.90 ms , 948.52 Mbps , 8.16 Mbps ,
2022 07-03, 03:27, 0.79 ms , 947.31 Mbps , FAILED ,
2022 07-03, 03:57, 0.88 ms , 940.25 Mbps , FAILED ,
2022 07-03, 04:27, 0.84 ms , 947.28 Mbps , 25.24 Mbps ,
2022 07-03, 04:57, 0.62 ms , 947.27 Mbps , 0.62 Mbps ,
2022 07-03, 05:28, 0.98 ms , 947.98 Mbps , FAILED ,
2022 07-03, 05:58, 0.91 ms , 949.06 Mbps , FAILED ,
2022 07-03, 06:28, 0.80 ms , 945.87 Mbps , FAILED ,
2022 07-03, 06:59, 0.80 ms , 945.64 Mbps , FAILED ,
2022 07-03, 07:29, 0.85 ms , 945.05 Mbps , FAILED ,
2022 07-03, 07:59, 0.74 ms , 946.65 Mbps , FAILED ,
2022 07-03, 08:30, 0.86 ms , 951.25 Mbps , FAILED ,
2022 07-03, 09:00, 0.76 ms , 947.19 Mbps , FAILED ,
2022 07-03, 09:30,
2022 07-03, 10:00, 0.80 ms , 947.37 Mbps , FAILED ,
2022 07-03, 10:31, 1.02 ms , 942.02 Mbps , FAILED ,
2022 07-03, 11:01, 0.88 ms , 948.57 Mbps , 0.93 Mbps ,
2022 07-03, 11:31, 0.86 ms , 948.02 Mbps , 0.08 Mbps ,
2022 07-03, 12:02, 0.66 ms , 944.82 Mbps , FAILED ,
2022 07-03, 12:32, 0.88 ms , 948.02 Mbps , 0.94 Mbps ,
2022 07-03, 13:02, 0.84 ms , 947.81 Mbps , 298.71 Mbps ,
2022 07-03, 13:33, 0.86 ms , 947.81 Mbps , 304.28 Mbps ,
2022 07-03, 14:03, 0.87 ms , 947.66 Mbps , 217.71 Mbps ,
2022 07-03, 14:33, 0.84 ms , 949.15 Mbps , 948.87 Mbps ,
2022 07-03, 15:03, 0.92 ms , 948.79 Mbps , 948.49 Mbps ,
2022 07-03, 15:33, 0.80 ms , 950.57 Mbps , 948.86 Mbps ,
2022 07-03, 16:04, 0.82 ms , 948.77 Mbps , 948.51 Mbps ,
2022 07-03, 16:34, 0.92 ms , 951.32 Mbps , 477.58 Mbps ,
2022 07-03, 17:04, 0.90 ms , 948.04 Mbps , 122.68 Mbps ,
2022 07-03, 17:34, 0.93 ms , 947.37 Mbps , 437.62 Mbps ,
2022 07-03, 18:05, 0.88 ms , 949.06 Mbps , 13.89 Mbps ,
2022 07-03, 18:35, 0.76 ms , 949.34 Mbps , 0.24 Mbps ,
2022 07-03, 19:05, 0.91 ms , 945.17 Mbps , 0.58 Mbps ,
2022 07-03, 19:36, 0.82 ms , 947.84 Mbps , 8.06 Mbps ,
2022 07-03, 20:06, 0.61 ms , 947.03 Mbps , FAILED ,
2022 07-03, 20:36, 0.87 ms , FAILED ,
2022 07-03, 21:06, 0.83 ms , 947.90 Mbps , FAILED ,
2022 07-03, 21:37, 0.86 ms , 949.16 Mbps , 0.30 Mbps ,
2022 07-03, 22:07, 0.88 ms , 946.96 Mbps , FAILED ,
2022 07-03, 22:37, 0.79 ms , 944.89 Mbps , FAILED ,
2022 07-03, 23:08, 0.81 ms , 946.33 Mbps , FAILED ,
2022 07-03, 23:38, 0.68 ms , 953.08 Mbps , 0.54 Mbps ,
2022 07-03, 23:55, 0.85 ms , 949.54 Mbps , FAILED ,
2022 07-04, 00:25, 0.77 ms , 948.74 Mbps , 3.68 Mbps ,
2022 07-04, 00:55, 0.67 ms , 948.71 Mbps , 1.48 Mbps ,
2022 07-04, 01:26,
2022 07-04, 01:56, 0.91 ms , 951.02 Mbps , 125.85 Mbps ,
2022 07-04, 02:26, 0.83 ms , 945.25 Mbps , 123.35 Mbps ,
2022 07-04, 02:56, 0.90 ms , 950.60 Mbps , 134.24 Mbps ,
2022 07-04, 03:27, 0.90 ms , 947.91 Mbps , 488.33 Mbps ,
2022 07-04, 03:57, 0.85 ms , 948.84 Mbps , 745.90 Mbps ,
2022 07-04, 04:27, 0.70 ms , 948.47 Mbps , 948.83 Mbps ,
2022 07-04, 04:57, 0.83 ms , 950.54 Mbps , 948.83 Mbps ,
2022 07-04, 05:27, 0.78 ms , 947.63 Mbps , 948.79 Mbps ,
2022 07-04, 05:58, 0.83 ms , 945.51 Mbps , 948.76 Mbps ,
2022 07-04, 06:28, 0.91 ms , 948.74 Mbps , 947.85 Mbps ,
2022 07-04, 06:58, 0.89 ms , 948.57 Mbps , 948.57 Mbps ,
2022 07-04, 07:28, 0.82 ms , 949.74 Mbps , 947.82 Mbps ,
2022 07-04, 07:58, 0.93 ms , 946.34 Mbps , 948.38 Mbps ,
2022 07-04, 08:29, 0.82 ms , 951.43 Mbps , 948.45 Mbps ,
2022 07-04, 08:59, 0.75 ms , 949.43 Mbps , 948.77 Mbps ,
2022 07-04, 09:29, 0.88 ms , 948.67 Mbps , 948.81 Mbps ,
2022 07-04, 09:59, 0.82 ms , 948.05 Mbps , 948.69 Mbps ,
2022 07-04, 10:29, 0.85 ms , 949.86 Mbps , 948.89 Mbps ,
2022 07-04, 10:59, 0.96 ms , 947.50 Mbps , 948.46 Mbps ,
2022 07-04, 11:30, 0.81 ms , 945.69 Mbps , 858.56 Mbps ,
2022 07-04, 12:00, 0.89 ms , 944.13 Mbps , FAILED ,
2022 07-04, 12:30, 0.87 ms , 950.25 Mbps , 8.90 Mbps ,
2022 07-04, 13:01, 0.78 ms , 948.12 Mbps , 229.83 Mbps ,
2022 07-04, 13:31, 0.94 ms , 950.80 Mbps , 941.49 Mbps ,
2022 07-04, 14:01, 0.89 ms , 948.93 Mbps , FAILED ,
2022 07-04, 14:31, 0.82 ms , 946.92 Mbps , FAILED ,
2022 07-04, 15:02, 0.67 ms , 947.74 Mbps , FAILED ,
2022 07-04, 15:32,
2022 07-04, 16:02, 0.96 ms , 943.53 Mbps , FAILED ,
2022 07-04, 16:32, 0.80 ms , 950.79 Mbps , FAILED ,
2022 07-04, 17:03, 0.86 ms , 947.36 Mbps , FAILED ,
2022 07-04, 17:33, 0.87 ms , 949.08 Mbps , FAILED ,
2022 07-04, 18:03, 0.75 ms , 948.07 Mbps , 0.47 Mbps ,
2022 07-04, 18:34, 0.84 ms , 947.77 Mbps , FAILED ,
2022 07-04, 19:04, 0.72 ms , 944.66 Mbps , FAILED ,
2022 07-04, 19:34, 0.85 ms , 950.77 Mbps , 685.20 Mbps ,
2022 07-04, 20:05, 0.85 ms , 949.64 Mbps , FAILED ,
2022 07-04, 20:35, 0.85 ms , 948.88 Mbps , 867.88 Mbps ,
2022 07-04, 21:05, 0.90 ms , 947.71 Mbps , 948.80 Mbps ,
2022 07-04, 21:35, 0.80 ms , 950.20 Mbps , 948.76 Mbps ,
2022 07-04, 22:05, 0.87 ms , 950.03 Mbps , 672.77 Mbps ,
2022 07-04, 22:36, 0.83 ms , 948.22 Mbps , 56.68 Mbps ,
2022 07-04, 23:06, 0.83 ms , 949.06 Mbps , 275.75 Mbps ,
2022 07-04, 23:36, 0.92 ms , 949.20 Mbps , 207.33 Mbps ,
2022 07-04, 23:55, 0.84 ms , 947.83 Mbps , 160.88 Mbps ,
2022 07-05, 00:25, 0.92 ms , 945.72 Mbps , 10.99 Mbps ,
2022 07-05, 00:55, 0.70 ms , 947.12 Mbps , 0.44 Mbps ,
2022 07-05, 01:26, 0.93 ms , 950.69 Mbps , 9.39 Mbps ,
2022 07-05, 01:56, 0.88 ms , 948.14 Mbps , 79.56 Mbps ,
2022 07-05, 02:26, 0.80 ms , 948.04 Mbps , 0.73 Mbps ,
2022 07-05, 02:57, 0.91 ms , 949.54 Mbps , 0.55 Mbps ,
2022 07-05, 03:27, 0.84 ms , 948.69 Mbps , 97.61 Mbps ,
2022 07-05, 03:57, 0.80 ms , 949.92 Mbps , 1.57 Mbps ,
2022 07-05, 04:28, 0.93 ms , 945.89 Mbps , 1.96 Mbps ,
2022 07-05, 04:58, 0.90 ms , 946.23 Mbps , 187.46 Mbps ,
2022 07-05, 05:28, 0.81 ms , 948.86 Mbps , 10.34 Mbps ,
2022 07-05, 05:59, 0.67 ms , 950.44 Mbps , 102.89 Mbps ,
2022 07-05, 06:29, 0.85 ms , 945.82 Mbps , 249.94 Mbps ,
2022 07-05, 06:59, 0.87 ms , 947.83 Mbps , 3.70 Mbps ,
2022 07-05, 07:30,
2022 07-05, 08:00, 0.83 ms , 948.97 Mbps , 229.82 Mbps ,
2022 07-05, 08:30, 0.95 ms , 949.79 Mbps , 19.48 Mbps ,
2022 07-05, 09:00, 0.80 ms , 948.98 Mbps , 328.50 Mbps ,
2022 07-05, 09:31, 0.85 ms , 949.76 Mbps , 104.71 Mbps ,
2022 07-05, 10:01, 0.80 ms , 948.43 Mbps , 795.08 Mbps ,
2022 07-05, 10:31, 0.86 ms , 951.06 Mbps , 0.19 Mbps ,
2022 07-05, 11:02,
2022 07-05, 11:32, 0.69 ms , 947.55 Mbps , FAILED ,
2022 07-05, 12:02, 0.71 ms , 945.88 Mbps , FAILED ,
2022 07-05, 12:32, 0.82 ms , 944.48 Mbps , FAILED ,
2022 07-05, 13:03, 0.80 ms , 948.17 Mbps , 0.03 Mbps ,
2022 07-05, 13:33, 0.89 ms , 946.05 Mbps , FAILED ,
2022 07-05, 14:03, 0.70 ms , 937.57 Mbps , FAILED ,
2022 07-05, 14:34, 0.87 ms , 948.89 Mbps , FAILED ,
2022 07-05, 15:04, 0.87 ms , 950.39 Mbps , 0.17 Mbps ,
2022 07-05, 15:35, 0.93 ms , 947.32 Mbps , FAILED ,
2022 07-05, 16:05, 1.07 ms , 949.68 Mbps , 0.71 Mbps ,
2022 07-05, 16:35, 0.87 ms , 948.23 Mbps , 0.85 Mbps ,
2022 07-05, 17:06, 0.83 ms , 949.54 Mbps , FAILED ,
2022 07-05, 17:36, 0.86 ms , 944.65 Mbps , FAILED ,
2022 07-05, 18:06, 0.86 ms , 937.06 Mbps , FAILED ,
2022 07-05, 18:37, 0.91 ms , 947.93 Mbps , FAILED ,
2022 07-05, 19:07, 0.94 ms , 948.09 Mbps , FAILED ,
2022 07-05, 19:37, 0.95 ms , 947.70 Mbps , 824.89 Mbps ,
2022 07-05, 20:07, 0.87 ms , 946.92 Mbps , 935.30 Mbps ,
2022 07-05, 20:38, 0.83 ms , 949.00 Mbps , 1.72 Mbps ,
2022 07-05, 21:08, 0.86 ms , 949.32 Mbps , FAILED ,
2022 07-05, 21:38, 0.78 ms , 943.51 Mbps , FAILED ,
2022 07-05, 22:09, 0.84 ms , 945.28 Mbps , 0.61 Mbps ,
2022 07-05, 22:39, 0.73 ms , 947.96 Mbps , 4.33 Mbps ,
2022 07-05, 23:09, 0.88 ms , 948.35 Mbps , 0.17 Mbps ,
2022 07-05, 23:40, 0.84 ms , 950.52 Mbps , 13.72 Mbps ,
2022 07-05, 23:55, 0.88 ms , 948.41 Mbps , 138.03 Mbps ,
2022 07-06, 00:25, 0.68 ms , 948.83 Mbps , 6.41 Mbps ,
2022 07-06, 00:55, 0.83 ms , 945.49 Mbps , 34.94 Mbps ,
2022 07-06, 01:26, 0.54 ms , 950.27 Mbps , 875.34 Mbps ,
2022 07-06, 01:56, 0.96 ms , 949.38 Mbps , 4.46 Mbps ,
2022 07-06, 02:26, 0.94 ms , 948.27 Mbps , 561.60 Mbps ,
2022 07-06, 02:57, 0.96 ms , 948.01 Mbps , 274.08 Mbps ,
2022 07-06, 03:27, 0.83 ms , 947.96 Mbps , 64.98 Mbps ,
2022 07-06, 03:57, 0.71 ms , 948.09 Mbps , 852.94 Mbps ,
2022 07-06, 04:28, 0.72 ms , 944.49 Mbps , 3.65 Mbps ,
2022 07-06, 04:58, 0.89 ms , 947.33 Mbps , 422.16 Mbps ,
2022 07-06, 05:28, 0.89 ms , 949.82 Mbps , 28.42 Mbps ,
2022 07-06, 05:59, 0.77 ms , 951.06 Mbps , 52.06 Mbps ,
2022 07-06, 06:29, 0.81 ms , 948.52 Mbps , 194.69 Mbps ,
2022 07-06, 06:59, 0.69 ms , 952.21 Mbps , 209.22 Mbps ,
2022 07-06, 07:29, 0.95 ms , 951.46 Mbps , 470.17 Mbps ,
2022 07-06, 08:00, 0.74 ms , 949.08 Mbps , 2.23 Mbps ,
2022 07-06, 08:30, 0.91 ms , 946.90 Mbps , 795.92 Mbps ,
2022 07-06, 09:00, 0.96 ms , 948.65 Mbps , 227.21 Mbps ,
2022 07-06, 09:31, 0.87 ms , 949.38 Mbps , 300.53 Mbps ,
2022 07-06, 10:01, 0.97 ms , 945.97 Mbps , 948.81 Mbps ,
2022 07-06, 10:31, 0.87 ms , 947.30 Mbps , 933.42 Mbps ,
2022 07-06, 11:01, 0.86 ms , 947.36 Mbps , 1.93 Mbps ,
2022 07-06, 11:32, 0.81 ms , 946.66 Mbps , 19.41 Mbps ,
2022 07-06, 12:02, 0.89 ms , 944.54 Mbps , 0.66 Mbps ,
2022 07-06, 12:32, 0.85 ms , 949.46 Mbps , 99.12 Mbps ,
2022 07-06, 13:02, 0.72 ms , FAILED ,
2022 07-06, 13:33, 0.95 ms , 12.35 Mbps , 948.33 Mbps ,
2022 07-06, 14:03, 0.86 ms , FAILED ,
2022 07-06, 14:33, 0.74 ms , FAILED ,
2022 07-06, 15:03, 0.92 ms , FAILED ,
2022 07-06, 15:34, 0.82 ms , FAILED ,
2022 07-06, 16:04, 0.96 ms , FAILED ,
2022 07-06, 16:34,
2022 07-06, 17:04,
2022 07-06, 17:35,
2022 07-06, 18:05,
2022 07-06, 18:35,
2022 07-06, 19:05,
2022 07-06, 19:36,
2022 07-06, 20:06,
2022 07-06, 20:36,
2022 07-06, 21:06,
2022 07-06, 21:36,
2022 07-06, 22:06,
2022 07-06, 22:37,
2022 07-06, 23:07,
2022 07-06, 23:37,
2022 07-06, 23:55,
2022 07-07, 00:25,
2022 07-07, 00:55,
2022 07-07, 01:25,
2022 07-07, 01:55,
2022 07-07, 02:26,
2022 07-07, 02:56,
2022 07-07, 03:26,
2022 07-07, 03:56,
2022 07-07, 04:26,
2022 07-07, 04:56,
2022 07-07, 05:27,
2022 07-07, 05:57,
2022 07-07, 06:27,
2022 07-07, 06:57,
2022 07-07, 07:27,
2022 07-07, 07:57,
2022 07-07, 08:28,
2022 07-07, 08:58,
2022 07-07, 09:28,
2022 07-07, 09:58,
2022 07-07, 10:28,
2022 07-07, 10:58,
2022 07-07, 11:29, 0.87 ms , 10.17 Mbps , 948.06 Mbps ,
2022 07-07, 12:00, 0.85 ms , FAILED ,
2022 07-07, 12:30, 0.88 ms , 9.52 Mbps , 948.13 Mbps ,
2022 07-07, 13:00, 0.95 ms , 14.46 Mbps , 948.39 Mbps ,
2022 07-07, 13:31, 0.57 ms , 34.54 Mbps , 948.22 Mbps ,
2022 07-07, 14:01, 0.89 ms , FAILED ,
2022 07-07, 14:31, 0.75 ms , 17.29 Mbps , 948.26 Mbps ,
2022 07-07, 15:01, 0.95 ms , FAILED ,
2022 07-07, 15:32,
2022 07-07, 16:02,
2022 07-07, 16:32,
2022 07-07, 17:02,
2022 07-07, 17:32, 0.84 ms , 947.22 Mbps , 44.10 Mbps ,
2022 07-07, 18:03,
2022 07-07, 18:33, 0.90 ms , 902.70 Mbps , 947.17 Mbps ,
2022 07-07, 19:03, 0.90 ms , 840.80 Mbps , 25.97 Mbps ,
2022 07-07, 19:33, 0.94 ms , 796.75 Mbps , 1.62 Mbps ,
2022 07-07, 20:04, 0.81 ms , 98.06 Mbps , 0.31 Mbps ,
2022 07-07, 20:34, 0.65 ms , 789.39 Mbps , 0.38 Mbps ,
2022 07-07, 21:05, 0.79 ms , 824.34 Mbps , 0.21 Mbps ,
2022 07-07, 21:35, 0.82 ms , 810.31 Mbps , FAILED ,
2022 07-07, 22:05, 0.81 ms , 838.11 Mbps , FAILED ,
2022 07-07, 22:36, 0.85 ms , 896.03 Mbps , 0.15 Mbps ,
2022 07-07, 23:06, 0.85 ms , 863.20 Mbps , 0.05 Mbps ,
2022 07-07, 23:36, 0.90 ms , 845.13 Mbps , 0.17 Mbps ,
2022 07-07, 23:55, 0.68 ms , 857.52 Mbps , 0.17 Mbps ,
2022 07-08, 00:25,
2022 07-08, 00:55, 0.79 ms , 887.02 Mbps , 0.21 Mbps ,
2022 07-08, 01:26, 0.92 ms , 845.85 Mbps , 0.17 Mbps ,
2022 07-08, 01:56, 0.94 ms , 895.68 Mbps , FAILED ,
2022 07-08, 02:26, 0.70 ms , 895.45 Mbps , 0.16 Mbps ,
2022 07-08, 02:57, 0.83 ms , 848.46 Mbps , 0.14 Mbps ,
2022 07-08, 03:27, 0.87 ms , 850.28 Mbps , 0.09 Mbps ,
2022 07-08, 03:58, 0.88 ms , 882.30 Mbps , FAILED ,
2022 07-08, 04:28, 0.87 ms , 845.73 Mbps , FAILED ,
2022 07-08, 04:58, 0.98 ms , 846.12 Mbps , FAILED ,
2022 07-08, 05:29, 0.88 ms , 892.23 Mbps , FAILED ,
2022 07-08, 05:59, 0.88 ms , 829.30 Mbps , FAILED ,
2022 07-08, 06:29, 0.96 ms , 833.86 Mbps , FAILED ,
2022 07-08, 07:00, 0.67 ms , 881.22 Mbps , 0.08 Mbps ,
2022 07-08, 07:30, 0.72 ms , 834.03 Mbps , 0.09 Mbps ,
2022 07-08, 08:00, 0.96 ms , 700.00 Mbps , FAILED ,
2022 07-08, 08:31, 0.89 ms , 855.84 Mbps , FAILED ,
2022 07-08, 09:01, 0.62 ms , 825.08 Mbps , FAILED ,
2022 07-08, 09:31,
2022 07-08, 10:02,
2022 07-08, 10:32,
2022 07-08, 11:02, 0.82 ms , 947.44 Mbps , 207.57 Mbps ,
2022 07-08, 11:32, 0.92 ms , 951.11 Mbps , 234.75 Mbps ,
2022 07-08, 12:02, 0.88 ms , 946.02 Mbps , 152.97 Mbps ,
2022 07-08, 12:33, 0.90 ms , 951.16 Mbps , 949.06 Mbps ,
2022 07-08, 13:03, 0.82 ms , 948.40 Mbps , 948.92 Mbps ,
2022 07-08, 13:33, 0.84 ms , 950.94 Mbps , 948.15 Mbps ,
2022 07-08, 14:03, 0.87 ms , 948.79 Mbps , 948.87 Mbps ,
2022 07-08, 14:33, 0.92 ms , 949.16 Mbps , 948.83 Mbps ,
2022 07-08, 15:04, 0.83 ms , 948.69 Mbps , 948.67 Mbps ,
2022 07-08, 15:34, 0.88 ms , 946.97 Mbps , 947.15 Mbps ,
2022 07-08, 16:04, 0.74 ms , 949.39 Mbps , 827.36 Mbps ,
2022 07-08, 16:34, 0.67 ms , 949.22 Mbps , 294.40 Mbps ,
2022 07-08, 17:05, 0.88 ms , 949.57 Mbps , 755.35 Mbps ,
2022 07-08, 17:35, 0.89 ms , 948.05 Mbps , 720.09 Mbps ,
2022 07-08, 18:05, 0.86 ms , 951.06 Mbps , 385.64 Mbps ,
2022 07-08, 18:35, 0.80 ms , 946.84 Mbps , 632.28 Mbps ,
2022 07-08, 19:05, 0.92 ms , 947.84 Mbps , 459.88 Mbps ,
2022 07-08, 19:36, 0.88 ms , 948.00 Mbps , 948.93 Mbps ,
2022 07-08, 20:06, 0.83 ms , 949.66 Mbps , 947.10 Mbps ,
2022 07-08, 20:36, 0.88 ms , 948.10 Mbps , 900.75 Mbps ,
2022 07-08, 21:06, 0.90 ms , 948.16 Mbps , 947.12 Mbps ,
2022 07-08, 21:36, 0.86 ms , 946.63 Mbps , 948.76 Mbps ,
2022 07-08, 22:07, 0.86 ms , 949.51 Mbps , 948.83 Mbps ,
2022 07-08, 22:37, 0.75 ms , 948.71 Mbps , 948.86 Mbps ,
2022 07-08, 23:07, 0.77 ms , 949.65 Mbps , 948.75 Mbps ,
2022 07-08, 23:37, 0.92 ms , 948.20 Mbps , 945.70 Mbps ,
2022 07-08, 23:55, 0.93 ms , 948.16 Mbps , 947.91 Mbps ,
2022 07-09, 00:25, 0.78 ms , 953.83 Mbps , 612.63 Mbps ,
2022 07-09, 00:55, 0.80 ms , 948.85 Mbps , 806.23 Mbps ,
2022 07-09, 01:25, 0.83 ms , 947.77 Mbps , 511.40 Mbps ,
2022 07-09, 01:56, 0.91 ms , 949.87 Mbps , 492.42 Mbps ,
2022 07-09, 02:26, 0.88 ms , 950.74 Mbps , 319.85 Mbps ,
2022 07-09, 02:56, 0.80 ms , 946.53 Mbps , 387.30 Mbps ,
2022 07-09, 03:26, 0.94 ms , 948.65 Mbps , 317.66 Mbps ,
2022 07-09, 03:57, 0.91 ms , 948.79 Mbps , 392.07 Mbps ,
2022 07-09, 04:27, 0.84 ms , 946.87 Mbps , 613.09 Mbps ,
2022 07-09, 04:57, 0.79 ms , 947.83 Mbps , 244.73 Mbps ,
2022 07-09, 05:27, 0.81 ms , 948.85 Mbps , 285.16 Mbps ,
2022 07-09, 05:57, 0.89 ms , 949.40 Mbps , 754.66 Mbps ,
2022 07-09, 06:28, 0.81 ms , 949.37 Mbps , 433.16 Mbps ,
2022 07-09, 06:58, 0.82 ms , 947.60 Mbps , 907.85 Mbps ,
2022 07-09, 07:28, 0.97 ms , 945.78 Mbps , 410.75 Mbps ,
2022 07-09, 07:58, 0.84 ms , 945.73 Mbps , 544.00 Mbps ,
2022 07-09, 08:28, 0.90 ms , 950.25 Mbps , 948.07 Mbps ,
2022 07-09, 08:59, 0.79 ms , 948.83 Mbps , 947.92 Mbps ,
2022 07-09, 09:29, 0.78 ms , 949.75 Mbps , 948.22 Mbps ,
2022 07-09, 09:59, 0.90 ms , 945.86 Mbps , 948.74 Mbps ,
2022 07-09, 10:29, 0.90 ms , 945.09 Mbps , 948.73 Mbps ,
2022 07-09, 10:59, 0.93 ms , 947.35 Mbps , 948.72 Mbps ,
2022 07-09, 11:30, 0.84 ms , 949.49 Mbps , 948.88 Mbps ,
2022 07-09, 12:00, 0.87 ms , 950.62 Mbps , 948.83 Mbps ,
2022 07-09, 12:30, 0.84 ms , 950.47 Mbps , 948.76 Mbps ,
2022 07-09, 13:00, 0.93 ms , 948.17 Mbps , 662.81 Mbps ,
2022 07-09, 13:30, 0.88 ms , 951.06 Mbps , 476.93 Mbps ,
2022 07-09, 14:01, 0.73 ms , 949.64 Mbps , 332.21 Mbps ,
2022 07-09, 14:31, 0.78 ms , 950.15 Mbps , 856.44 Mbps ,
2022 07-09, 15:01, 0.88 ms , 947.54 Mbps , 895.30 Mbps ,
2022 07-09, 15:31, 0.89 ms , 946.62 Mbps , FAILED ,
2022 07-09, 16:01, 0.90 ms , 947.66 Mbps , FAILED ,
2022 07-09, 16:32, 0.85 ms , 948.67 Mbps , 947.97 Mbps ,
2022 07-09, 17:02, 0.88 ms , 951.47 Mbps , 948.92 Mbps ,
2022 07-09, 17:32, 0.94 ms , 948.86 Mbps , 858.98 Mbps ,
2022 07-09, 18:02, 0.85 ms , 952.19 Mbps , 577.31 Mbps ,
2022 07-09, 18:32, 0.75 ms , 949.98 Mbps , 343.18 Mbps ,
2022 07-09, 19:03, 0.92 ms , 950.86 Mbps , 369.77 Mbps ,
2022 07-09, 19:33, 0.74 ms , 950.58 Mbps , 340.57 Mbps ,
2022 07-09, 20:03, 0.91 ms , 950.49 Mbps , 556.39 Mbps ,
2022 07-09, 20:33, 0.96 ms , 948.35 Mbps , 948.61 Mbps ,
2022 07-09, 21:03, 0.86 ms , 950.19 Mbps , 872.94 Mbps ,
2022 07-09, 21:34, 0.78 ms , 948.07 Mbps , 553.16 Mbps ,
2022 07-09, 22:04, 0.87 ms , 952.86 Mbps , 948.57 Mbps ,
2022 07-09, 22:34, 0.83 ms , 948.13 Mbps , 947.83 Mbps ,
2022 07-09, 23:04, 0.83 ms , 951.96 Mbps , 948.84 Mbps ,
2022 07-09, 23:34, 0.86 ms , 949.06 Mbps , 947.82 Mbps ,
2022 07-09, 23:55, 0.70 ms , 950.09 Mbps , 948.57 Mbps ,
2022 07-10, 00:25, 0.92 ms , 948.21 Mbps , 946.98 Mbps ,
2022 07-10, 00:55, 0.89 ms , 947.88 Mbps , 947.90 Mbps ,
2022 07-10, 01:25, 0.86 ms , 949.37 Mbps , 930.92 Mbps ,
2022 07-10, 01:56, 0.85 ms , 946.44 Mbps , 948.72 Mbps ,
2022 07-10, 02:26, 0.86 ms , 950.72 Mbps , 912.51 Mbps ,
2022 07-10, 02:56, 0.86 ms , 950.96 Mbps , 647.18 Mbps ,
2022 07-10, 03:26, 0.91 ms , 951.17 Mbps , 918.69 Mbps ,
2022 07-10, 03:56, 0.94 ms , 950.40 Mbps , 948.30 Mbps ,
2022 07-10, 04:27, 0.91 ms , 947.53 Mbps , 537.79 Mbps ,
2022 07-10, 04:57, 0.50 ms , 949.41 Mbps , 525.13 Mbps ,
2022 07-10, 05:27, 0.90 ms , 948.32 Mbps , 457.92 Mbps ,
2022 07-10, 05:57, 0.82 ms , 948.63 Mbps , 279.46 Mbps ,
2022 07-10, 06:28, 0.84 ms , 950.11 Mbps , 552.08 Mbps ,
2022 07-10, 06:58, 0.84 ms , 948.23 Mbps , 765.98 Mbps ,
2022 07-10, 07:28, 0.91 ms , 948.26 Mbps , 338.49 Mbps ,
2022 07-10, 07:58, 0.88 ms , 950.54 Mbps , 354.30 Mbps ,
2022 07-10, 08:29, 0.81 ms , 948.82 Mbps , 599.00 Mbps ,
2022 07-10, 08:59, 0.88 ms , 949.89 Mbps , 551.36 Mbps ,
2022 07-10, 09:29, 0.88 ms , 950.41 Mbps , 503.96 Mbps ,
2022 07-10, 09:59, 0.79 ms , 951.12 Mbps , 768.99 Mbps ,
2022 07-10, 10:29, 0.89 ms , 948.98 Mbps , 777.99 Mbps ,
2022 07-10, 11:00, 0.88 ms , 949.29 Mbps , 538.82 Mbps ,
2022 07-10, 11:30, 0.86 ms , 951.66 Mbps , 948.89 Mbps ,
2022 07-10, 12:00, 0.90 ms , 948.02 Mbps , 948.93 Mbps ,
2022 07-10, 12:30, 0.97 ms , 948.74 Mbps , 948.78 Mbps ,
2022 07-10, 13:00, 0.88 ms , 946.73 Mbps , 948.10 Mbps ,
2022 07-10, 13:31, 0.89 ms , 947.82 Mbps , 948.88 Mbps ,
2022 07-10, 14:01, 0.85 ms , 949.43 Mbps , 948.79 Mbps ,
2022 07-10, 14:31, 0.86 ms , 951.06 Mbps , 948.59 Mbps ,
2022 07-10, 15:01, 0.88 ms , 947.44 Mbps , 863.37 Mbps ,
2022 07-10, 15:31, 0.93 ms , 949.45 Mbps , 773.91 Mbps ,
2022 07-10, 16:02, 0.78 ms , 948.53 Mbps , 771.03 Mbps ,
2022 07-10, 16:32, 0.75 ms , 948.42 Mbps , 939.54 Mbps ,
2022 07-10, 17:02, 0.91 ms , 948.96 Mbps , 896.82 Mbps ,
2022 07-10, 17:32, 0.90 ms , 949.86 Mbps , 948.88 Mbps ,
2022 07-10, 18:02, 0.86 ms , 951.96 Mbps , 946.45 Mbps ,
2022 07-10, 18:33, 0.91 ms , 949.40 Mbps , 949.12 Mbps ,
2022 07-10, 19:03, 0.80 ms , 946.30 Mbps , 948.85 Mbps ,
2022 07-10, 19:33, 0.73 ms , 948.95 Mbps , 948.60 Mbps ,
2022 07-10, 20:03, 0.88 ms , 949.77 Mbps , 948.52 Mbps ,
2022 07-10, 20:33, 0.75 ms , 948.84 Mbps , 948.75 Mbps ,
2022 07-10, 21:03, 0.92 ms , 948.94 Mbps , 948.80 Mbps ,
2022 07-10, 21:34, 0.86 ms , 950.37 Mbps , 948.75 Mbps ,
2022 07-10, 22:04, 0.90 ms , 947.47 Mbps , 948.34 Mbps ,
2022 07-10, 22:34, 0.55 ms , 949.09 Mbps , 948.90 Mbps ,
2022 07-10, 23:04, 0.91 ms , 950.45 Mbps , 948.86 Mbps ,
2022 07-10, 23:34, 0.72 ms , 948.63 Mbps , 948.83 Mbps ,
2022 07-10, 23:55, 0.94 ms , 948.19 Mbps , 948.81 Mbps ,
2022 07-11, 00:25, 0.78 ms , 950.57 Mbps , 949.29 Mbps ,
2022 07-11, 00:55, 0.94 ms , 951.48 Mbps , 948.81 Mbps ,
2022 07-11, 01:25, 0.84 ms , 950.34 Mbps , 948.32 Mbps ,
2022 07-11, 01:56, 0.93 ms , 948.48 Mbps , 948.99 Mbps ,
2022 07-11, 02:26, 0.87 ms , 950.38 Mbps , 948.93 Mbps ,
2022 07-11, 02:56, 0.77 ms , 946.25 Mbps , 948.90 Mbps ,
2022 07-11, 03:26, 0.89 ms , 947.49 Mbps , 948.36 Mbps ,
2022 07-11, 03:56, 0.80 ms , 951.60 Mbps , 948.82 Mbps ,
2022 07-11, 04:26, 0.96 ms , 947.66 Mbps , 948.45 Mbps ,
2022 07-11, 04:57, 0.78 ms , 950.95 Mbps , 948.97 Mbps ,
2022 07-11, 05:27, 0.90 ms , 949.85 Mbps , 947.70 Mbps ,
2022 07-11, 05:57, 0.87 ms , 949.22 Mbps , 947.66 Mbps ,
2022 07-11, 06:27, 0.85 ms , 946.32 Mbps , 948.44 Mbps ,
2022 07-11, 06:57, 0.78 ms , 950.01 Mbps , 945.10 Mbps ,
2022 07-11, 07:27, 0.88 ms , 947.03 Mbps , 948.43 Mbps ,
2022 07-11, 07:58, 0.83 ms , 949.07 Mbps , 913.54 Mbps ,
2022 07-11, 08:28, 0.93 ms , 948.78 Mbps , 861.79 Mbps ,
2022 07-11, 08:58, 0.88 ms , 949.59 Mbps , 946.98 Mbps ,
2022 07-11, 09:28, 0.97 ms , 944.42 Mbps , 354.19 Mbps ,
2022 07-11, 09:58, 0.86 ms , 946.93 Mbps , 948.91 Mbps ,
2022 07-11, 10:29, 0.71 ms , 947.63 Mbps , 948.69 Mbps ,
2022 07-11, 10:59, 0.84 ms , 949.83 Mbps , 373.85 Mbps ,
2022 07-11, 11:29, 0.83 ms , 947.14 Mbps , 465.71 Mbps ,
2022 07-11, 11:59, 0.75 ms , 948.88 Mbps , 934.21 Mbps ,
2022 07-11, 12:30, 0.67 ms , 948.21 Mbps , 343.41 Mbps ,
2022 07-11, 13:00, 0.85 ms , 948.52 Mbps , 948.73 Mbps ,
2022 07-11, 13:30, 0.89 ms , 949.16 Mbps , 420.19 Mbps ,
2022 07-11, 14:00, 0.90 ms , 947.04 Mbps , 288.37 Mbps ,
2022 07-11, 14:30, 0.80 ms , 950.07 Mbps , 847.83 Mbps ,
2022 07-11, 15:01, 0.86 ms , 944.50 Mbps , 280.69 Mbps ,
2022 07-11, 15:31, 0.90 ms , 948.99 Mbps , 603.77 Mbps ,
2022 07-11, 16:01, 0.84 ms , 948.77 Mbps , 781.02 Mbps ,
2022 07-11, 16:31, 0.73 ms , 947.73 Mbps , 948.83 Mbps ,
2022 07-11, 17:01, 0.93 ms , 948.98 Mbps , 948.76 Mbps ,
2022 07-11, 17:32, 0.80 ms , 945.07 Mbps , 947.57 Mbps ,
2022 07-11, 18:02, 0.88 ms , 948.98 Mbps , 949.40 Mbps ,
2022 07-11, 18:32, 0.79 ms , 952.26 Mbps , 948.79 Mbps ,
2022 07-11, 19:02, 0.89 ms , 947.79 Mbps , 948.83 Mbps ,
2022 07-11, 19:32, 0.85 ms , 946.69 Mbps , 931.95 Mbps ,
2022 07-11, 20:02, 0.88 ms , 949.37 Mbps , 946.92 Mbps ,
2022 07-11, 20:33, 0.86 ms , 951.10 Mbps , 902.72 Mbps ,
2022 07-11, 21:03, 0.79 ms , 950.21 Mbps , 948.28 Mbps ,
2022 07-11, 21:33, 0.85 ms , 946.39 Mbps , 948.82 Mbps ,
2022 07-11, 22:03, 0.79 ms , 951.22 Mbps , 948.90 Mbps ,
2022 07-11, 22:33, 0.74 ms , 949.54 Mbps , 948.26 Mbps ,
2022 07-11, 23:04, 0.80 ms , 949.00 Mbps , 947.88 Mbps ,
2022 07-11, 23:34, 0.87 ms , 947.42 Mbps , 948.58 Mbps ,
2022 07-11, 23:55, 0.72 ms , 949.75 Mbps , 948.68 Mbps ,
2022 07-12, 00:25, 0.88 ms , 949.25 Mbps , 948.63 Mbps ,
2022 07-12, 00:55, 0.92 ms , 951.59 Mbps , 867.35 Mbps ,
2022 07-12, 01:25, 0.87 ms , 951.06 Mbps , 946.71 Mbps ,
2022 07-12, 01:56, 0.89 ms , 950.35 Mbps , 907.03 Mbps ,
2022 07-12, 02:26, 0.84 ms , 946.55 Mbps , 944.87 Mbps ,
2022 07-12, 02:56, 0.83 ms , 944.01 Mbps , 934.96 Mbps ,
2022 07-12, 03:26, 0.86 ms , 949.55 Mbps , 686.91 Mbps ,
2022 07-12, 03:56, 0.87 ms , 949.47 Mbps , 948.64 Mbps ,
2022 07-12, 04:27, 0.92 ms , 949.03 Mbps , 947.93 Mbps ,
2022 07-12, 04:57, 0.87 ms , 946.26 Mbps , 948.70 Mbps ,
2022 07-12, 05:27, 0.80 ms , 948.57 Mbps , 947.81 Mbps ,
2022 07-12, 05:57, 0.77 ms , 949.30 Mbps , 944.06 Mbps ,
2022 07-12, 06:27, 0.92 ms , 948.30 Mbps , 948.75 Mbps ,
2022 07-12, 06:57, 0.87 ms , 948.14 Mbps , 948.90 Mbps ,
2022 07-12, 07:28, 0.93 ms , 948.87 Mbps , 948.71 Mbps ,
2022 07-12, 07:58, 0.84 ms , 948.83 Mbps , 948.80 Mbps ,
2022 07-12, 08:28, 0.70 ms , 949.79 Mbps , 948.61 Mbps ,
2022 07-12, 08:58, 0.79 ms , 950.32 Mbps , 948.92 Mbps ,
2022 07-12, 09:28, 0.79 ms , 951.47 Mbps , 687.57 Mbps ,
2022 07-12, 09:59, 0.95 ms , 949.33 Mbps , 948.49 Mbps ,
2022 07-12, 10:29, 0.90 ms , 949.69 Mbps , 948.56 Mbps ,
2022 07-12, 10:59, 0.74 ms , 948.69 Mbps , 948.93 Mbps ,
2022 07-12, 11:29, 0.81 ms , 948.55 Mbps , 948.80 Mbps ,
2022 07-12, 11:59, 0.63 ms , 948.44 Mbps , 948.68 Mbps ,
2022 07-12, 12:29, 0.79 ms , 949.34 Mbps , 948.89 Mbps ,
2022 07-12, 13:00, 0.88 ms , 948.30 Mbps , 948.87 Mbps ,
2022 07-12, 13:30, 0.68 ms , 947.29 Mbps , 948.50 Mbps ,
2022 07-12, 14:00, 0.77 ms , 949.15 Mbps , 948.78 Mbps ,
2022 07-12, 14:30, 0.88 ms , 949.62 Mbps , 948.75 Mbps ,
2022 07-12, 15:00, 0.84 ms , 950.59 Mbps , 949.34 Mbps ,
2022 07-12, 15:31, 0.90 ms , 948.56 Mbps , 948.90 Mbps ,
2022 07-12, 16:01, 0.75 ms , 949.88 Mbps , 948.47 Mbps ,
2022 07-12, 16:31, 0.82 ms , 948.94 Mbps , 948.56 Mbps ,
2022 07-12, 17:01, 0.80 ms , 948.92 Mbps , 948.49 Mbps ,
2022 07-12, 17:31, 0.81 ms , 948.88 Mbps , 948.97 Mbps ,
2022 07-12, 18:01, 0.62 ms , 946.14 Mbps , 948.93 Mbps ,
2022 07-12, 18:32, 0.88 ms , 949.85 Mbps , 948.28 Mbps ,
2022 07-12, 19:02, 0.85 ms , 949.46 Mbps , 948.91 Mbps ,
2022 07-12, 19:32, 0.92 ms , 945.95 Mbps , 948.86 Mbps ,
2022 07-12, 20:02, 0.77 ms , 950.35 Mbps , 947.64 Mbps ,
2022 07-12, 20:32, 0.77 ms , 948.04 Mbps , 947.02 Mbps ,
2022 07-12, 21:03, 0.81 ms , 948.43 Mbps , 948.80 Mbps ,
2022 07-12, 21:33, 0.74 ms , 951.71 Mbps , 948.46 Mbps ,
2022 07-12, 22:03, 0.77 ms , 949.93 Mbps , 948.03 Mbps ,
2022 07-12, 22:33, 0.87 ms , 949.68 Mbps , 948.06 Mbps ,
2022 07-12, 23:03, 0.89 ms , 950.21 Mbps , 949.15 Mbps ,
2022 07-12, 23:33, 0.88 ms , 947.64 Mbps , 948.89 Mbps ,
2022 07-12, 23:55, 0.93 ms , 949.02 Mbps , 948.89 Mbps ,
2022 07-13, 00:25, 0.88 ms , 949.53 Mbps , 948.65 Mbps ,
2022 07-13, 00:55, 0.76 ms , 948.94 Mbps , 948.74 Mbps ,
2022 07-13, 01:25, 0.78 ms , 948.14 Mbps , 948.90 Mbps ,
2022 07-13, 01:56, 0.88 ms , 949.40 Mbps , 948.95 Mbps ,
2022 07-13, 02:26, 1.02 ms , 946.95 Mbps , 948.62 Mbps ,
2022 07-13, 02:56, 0.82 ms , 948.70 Mbps , 948.79 Mbps ,
2022 07-13, 03:26, 0.87 ms , 948.92 Mbps , 948.91 Mbps ,
2022 07-13, 03:56, 0.86 ms , 947.66 Mbps , 949.20 Mbps ,
2022 07-13, 04:26, 0.88 ms , 948.80 Mbps , 948.84 Mbps ,
2022 07-13, 04:57, 0.86 ms , 950.60 Mbps , 948.82 Mbps ,
2022 07-13, 05:27, 0.85 ms , 953.08 Mbps , 948.45 Mbps ,
2022 07-13, 05:57, 0.81 ms , 949.53 Mbps , 948.81 Mbps ,
2022 07-13, 06:27, 0.84 ms , 949.90 Mbps , 947.91 Mbps ,
2022 07-13, 06:57, 0.88 ms , 949.92 Mbps , 948.74 Mbps ,
2022 07-13, 07:28, 0.75 ms , 948.55 Mbps , 948.69 Mbps ,
2022 07-13, 07:58, 0.73 ms , 947.57 Mbps , 948.81 Mbps ,
2022 07-13, 08:28, 0.92 ms , 949.52 Mbps , 948.86 Mbps ,
2022 07-13, 08:58, 0.89 ms , 949.83 Mbps , 948.80 Mbps ,
2022 07-13, 09:28, 0.92 ms , 949.10 Mbps , 947.45 Mbps ,
2022 07-13, 09:58, 0.82 ms , 945.74 Mbps , 948.84 Mbps ,
2022 07-13, 10:29, 0.94 ms , 946.65 Mbps , 948.92 Mbps ,
2022 07-13, 10:59, 0.90 ms , 948.09 Mbps , 948.75 Mbps ,
2022 07-13, 11:29, 0.89 ms , 949.13 Mbps , 948.44 Mbps ,
2022 07-13, 11:59, 0.95 ms , 947.80 Mbps , 948.73 Mbps ,
2022 07-13, 12:29, 0.75 ms , 948.29 Mbps , 948.56 Mbps ,
2022 07-13, 13:00, 0.74 ms , 947.71 Mbps , 948.71 Mbps ,
2022 07-13, 13:30, 0.93 ms , 949.82 Mbps , 947.84 Mbps ,
2022 07-13, 14:00, 0.92 ms , 948.69 Mbps , 949.16 Mbps ,
2022 07-13, 14:30, 0.88 ms , 949.54 Mbps , 948.61 Mbps ,
2022 07-13, 15:00, 0.93 ms , 947.12 Mbps , 948.97 Mbps ,
2022 07-13, 15:30, 0.71 ms , 949.25 Mbps , 948.81 Mbps ,
2022 07-13, 16:01, 0.75 ms , 950.36 Mbps , 948.86 Mbps ,
2022 07-13, 16:31, 0.90 ms , 951.90 Mbps , 948.93 Mbps ,
2022 07-13, 17:01, 0.57 ms , 950.78 Mbps , 948.84 Mbps ,
2022 07-13, 17:31, 0.84 ms , 948.31 Mbps , 947.49 Mbps ,
2022 07-13, 18:01, 0.90 ms , 949.92 Mbps , 948.83 Mbps ,
2022 07-13, 18:32, 0.78 ms , 947.48 Mbps , 947.62 Mbps ,
2022 07-13, 19:02, 0.77 ms , 950.34 Mbps , 948.78 Mbps ,
2022 07-13, 19:32, 0.76 ms , 949.36 Mbps , 948.68 Mbps ,
2022 07-13, 20:02, 0.87 ms , 952.06 Mbps , 948.57 Mbps ,
2022 07-13, 20:32, 0.87 ms , 949.15 Mbps , 947.81 Mbps ,
2022 07-13, 21:02, 0.92 ms , 949.35 Mbps , 948.93 Mbps ,
2022 07-13, 21:33, 0.71 ms , 947.95 Mbps , 948.56 Mbps ,
2022 07-13, 22:03, 0.93 ms , 948.12 Mbps , 948.84 Mbps ,
2022 07-13, 22:33, 0.91 ms , 949.89 Mbps , 948.92 Mbps ,
2022 07-13, 23:03, 0.84 ms , 952.15 Mbps , 948.44 Mbps ,
2022 07-13, 23:33, 0.89 ms , 949.11 Mbps , 948.95 Mbps ,
2022 07-13, 23:55, 0.80 ms , 950.21 Mbps , 948.88 Mbps ,
2022 07-14, 00:25, 0.92 ms , 948.94 Mbps , 948.77 Mbps ,
2022 07-14, 00:55, 0.86 ms , 949.05 Mbps , 948.68 Mbps ,
2022 07-14, 01:25, 0.81 ms , 948.78 Mbps , 948.10 Mbps ,
2022 07-14, 01:55, 0.87 ms , 948.87 Mbps , 948.54 Mbps ,
2022 07-14, 02:26, 0.86 ms , 947.52 Mbps , 948.87 Mbps ,
2022 07-14, 02:56, 0.94 ms , 951.94 Mbps , 948.68 Mbps ,
2022 07-14, 03:26, 0.75 ms , 948.73 Mbps , 947.76 Mbps ,
2022 07-14, 03:56, 0.95 ms , 952.15 Mbps , 948.15 Mbps ,
2022 07-14, 04:26, 0.73 ms , 950.10 Mbps , 948.36 Mbps ,
2022 07-14, 04:57, 0.81 ms , 947.92 Mbps , 948.63 Mbps ,
2022 07-14, 05:27, 0.95 ms , 949.52 Mbps , 948.45 Mbps ,
2022 07-14, 05:57, 0.72 ms , 950.40 Mbps , 948.81 Mbps ,
2022 07-14, 06:27, 0.80 ms , 947.48 Mbps , 948.45 Mbps ,
2022 07-14, 06:57, 0.85 ms , 950.56 Mbps , 948.66 Mbps ,
2022 07-14, 07:27, 0.86 ms , 947.83 Mbps , 947.18 Mbps ,
2022 07-14, 07:58, 0.75 ms , 948.03 Mbps , 948.93 Mbps ,
2022 07-14, 08:28, 0.86 ms , 949.84 Mbps , 948.24 Mbps ,
2022 07-14, 08:58, 0.87 ms , 946.92 Mbps , 948.39 Mbps ,
2022 07-14, 09:28, 0.88 ms , 948.88 Mbps , 948.81 Mbps ,
2022 07-14, 09:58, 0.85 ms , 948.20 Mbps , 948.65 Mbps ,
2022 07-14, 10:29, 0.88 ms , 948.96 Mbps , 948.49 Mbps ,
2022 07-14, 10:59, 0.85 ms , 949.87 Mbps , 947.32 Mbps ,
2022 07-14, 11:29, 0.89 ms , 947.01 Mbps , 948.63 Mbps ,
2022 07-14, 11:59, 0.91 ms , 948.57 Mbps , 949.00 Mbps ,
2022 07-14, 12:29, 0.91 ms , 950.25 Mbps , 948.85 Mbps ,
2022 07-14, 12:59, 0.82 ms , 950.78 Mbps , 946.13 Mbps ,
2022 07-14, 13:30, 0.92 ms , 949.65 Mbps , 948.65 Mbps ,
2022 07-14, 14:00, 0.87 ms , 949.75 Mbps , 948.91 Mbps ,
2022 07-14, 14:30, 0.79 ms , 946.54 Mbps , 948.68 Mbps ,
2022 07-14, 15:00, 0.91 ms , 946.31 Mbps , 948.86 Mbps ,
2022 07-14, 15:30, 0.87 ms , 946.71 Mbps , 948.88 Mbps ,
2022 07-14, 16:01, 0.71 ms , 948.81 Mbps , 948.31 Mbps ,
2022 07-14, 16:31, 0.83 ms , 947.66 Mbps , 948.91 Mbps ,
2022 07-14, 17:01, 0.80 ms , 948.05 Mbps , 939.28 Mbps ,
2022 07-14, 17:31, 0.76 ms , 948.92 Mbps , 942.82 Mbps ,
2022 07-14, 18:01, 0.81 ms , 947.89 Mbps , 914.10 Mbps ,
2022 07-14, 18:31, 0.96 ms , 949.65 Mbps , 788.87 Mbps ,
2022 07-14, 19:02, 0.86 ms , 946.39 Mbps , 809.26 Mbps ,
2022 07-14, 19:32, 0.96 ms , 949.05 Mbps , 948.53 Mbps ,
2022 07-14, 20:02, 0.98 ms , 951.13 Mbps , 948.42 Mbps ,
2022 07-14, 20:32, 0.77 ms , 947.43 Mbps , 948.48 Mbps ,
2022 07-14, 21:03, 0.82 ms , 948.39 Mbps , 947.02 Mbps ,
2022 07-14, 21:33, 0.87 ms , 948.65 Mbps , 946.10 Mbps ,
2022 07-14, 22:03, 0.90 ms , 948.28 Mbps , 913.50 Mbps ,
2022 07-14, 22:33, 0.86 ms , 948.94 Mbps , 948.81 Mbps ,
2022 07-14, 23:03, 0.91 ms , 948.16 Mbps , 947.75 Mbps ,
2022 07-14, 23:33, 0.85 ms , 948.16 Mbps , 948.07 Mbps ,
2022 07-14, 23:55, 0.94 ms , 950.44 Mbps , 949.07 Mbps ,
2022 07-15, 00:25, 0.90 ms , 949.34 Mbps , 948.56 Mbps ,
2022 07-15, 00:55, 0.79 ms , 947.74 Mbps , 948.78 Mbps ,
2022 07-15, 01:25, 0.90 ms , 950.10 Mbps , 948.78 Mbps ,
2022 07-15, 01:55, 0.93 ms , 951.63 Mbps , 948.73 Mbps ,
2022 07-15, 02:26, 0.74 ms , 949.44 Mbps , 949.06 Mbps ,
2022 07-15, 02:56, 0.81 ms , 949.52 Mbps , 948.76 Mbps ,
2022 07-15, 03:26, 0.66 ms , 946.13 Mbps , 947.66 Mbps ,
2022 07-15, 03:56, 0.84 ms , 946.79 Mbps , 948.76 Mbps ,
2022 07-15, 04:26, 0.84 ms , 947.85 Mbps , 947.60 Mbps ,
2022 07-15, 04:57, 0.94 ms , 948.68 Mbps , 948.87 Mbps ,
2022 07-15, 05:27, 0.80 ms , 951.29 Mbps , 948.79 Mbps ,
2022 07-15, 05:57, 0.79 ms , 949.30 Mbps , 948.44 Mbps ,
2022 07-15, 06:27, 0.93 ms , 947.00 Mbps , 950.77 Mbps ,
2022 07-15, 06:57, 0.87 ms , 948.55 Mbps , 948.84 Mbps ,
2022 07-15, 07:28, 0.89 ms , 947.46 Mbps , 946.46 Mbps ,
2022 07-15, 07:58, 0.81 ms , 947.86 Mbps , 948.89 Mbps ,
2022 07-15, 08:28, 0.87 ms , 951.37 Mbps , 948.77 Mbps ,
2022 07-15, 08:58, 0.76 ms , 949.77 Mbps , 948.56 Mbps ,
2022 07-15, 09:28, 0.93 ms , 951.01 Mbps , 947.74 Mbps ,
2022 07-15, 09:58, 0.78 ms , 946.33 Mbps , 948.66 Mbps ,
2022 07-15, 10:29, 0.92 ms , 949.41 Mbps , 749.26 Mbps ,
2022 07-15, 10:59, 0.90 ms , 950.97 Mbps , 627.99 Mbps ,
2022 07-15, 11:29, 0.84 ms , 948.08 Mbps , 948.84 Mbps ,
2022 07-15, 11:59, 0.78 ms , 946.01 Mbps , 948.42 Mbps ,
2022 07-15, 12:29, 0.90 ms , 949.58 Mbps , 949.21 Mbps ,
2022 07-15, 13:00, 0.74 ms , 950.09 Mbps , 948.99 Mbps ,
2022 07-15, 13:30, 0.73 ms , 948.36 Mbps , 948.85 Mbps ,
2022 07-15, 14:00, 0.94 ms , 951.07 Mbps , 948.71 Mbps ,
2022 07-15, 14:30, 0.87 ms , 952.52 Mbps , 948.31 Mbps ,
2022 07-15, 15:00, 0.85 ms , 945.99 Mbps , 948.84 Mbps ,
2022 07-15, 15:31, 0.58 ms , 950.36 Mbps , 948.89 Mbps ,
2022 07-15, 16:01, 0.82 ms , 946.30 Mbps , 948.19 Mbps ,
2022 07-15, 16:31, 0.90 ms , 948.20 Mbps , 948.84 Mbps ,
2022 07-15, 17:01, 0.78 ms , 949.86 Mbps , 948.79 Mbps ,
2022 07-15, 17:31, 0.92 ms , 954.03 Mbps , 948.74 Mbps ,
2022 07-15, 18:01, 0.78 ms , 949.58 Mbps , 948.95 Mbps ,
2022 07-15, 18:32, 0.74 ms , 951.44 Mbps , 948.56 Mbps ,
2022 07-15, 19:02, 0.82 ms , 949.50 Mbps , 948.67 Mbps ,
2022 07-15, 19:32, 0.61 ms , 949.71 Mbps , 949.03 Mbps ,
2022 07-15, 20:02, 0.75 ms , 948.11 Mbps , 948.26 Mbps ,
2022 07-15, 20:32, 0.72 ms , 950.18 Mbps , 888.05 Mbps ,
2022 07-15, 21:03, 0.82 ms , 951.54 Mbps , 935.85 Mbps ,
2022 07-15, 21:33, 0.78 ms , 948.38 Mbps , 949.13 Mbps ,
2022 07-15, 22:03, 0.82 ms , 946.90 Mbps , 948.78 Mbps ,
2022 07-15, 22:33, 0.63 ms , 950.67 Mbps , 907.76 Mbps ,
2022 07-15, 23:03, 0.63 ms , 947.88 Mbps , 947.69 Mbps ,
2022 07-15, 23:33, 0.87 ms , 948.11 Mbps , 948.52 Mbps ,
2022 07-15, 23:55, 0.90 ms , 949.43 Mbps , 948.83 Mbps ,
2022 07-16, 00:25, 0.90 ms , 949.70 Mbps , 948.90 Mbps ,
2022 07-16, 00:55, 0.85 ms , 950.74 Mbps , 948.93 Mbps ,
2022 07-16, 01:25, 0.91 ms , 950.19 Mbps , 947.96 Mbps ,
2022 07-16, 01:56, 0.84 ms , 950.98 Mbps , 946.36 Mbps ,
2022 07-16, 02:26, 0.95 ms , 950.11 Mbps , 948.71 Mbps ,
2022 07-16, 02:56, 0.78 ms , 947.78 Mbps , 948.66 Mbps ,
2022 07-16, 03:26, 0.92 ms , 948.24 Mbps , 943.77 Mbps ,
2022 07-16, 03:56, 0.90 ms , 947.74 Mbps , 947.51 Mbps ,
2022 07-16, 04:26, 0.83 ms , 950.40 Mbps , 947.92 Mbps ,
2022 07-16, 04:57, 0.89 ms , 946.43 Mbps , 942.48 Mbps ,
2022 07-16, 05:27, 0.98 ms , 947.26 Mbps , 944.63 Mbps ,
2022 07-16, 05:57, 0.83 ms , 946.23 Mbps , 948.47 Mbps ,
2022 07-16, 06:27, 0.87 ms , 950.16 Mbps , 948.44 Mbps ,
2022 07-16, 06:57, 0.86 ms , 944.40 Mbps , 943.65 Mbps ,
2022 07-16, 07:28, 0.88 ms , 949.03 Mbps , 947.97 Mbps ,
2022 07-16, 07:58, 0.88 ms , 946.80 Mbps , 947.15 Mbps ,
2022 07-16, 08:28, 0.92 ms , 947.74 Mbps , 948.50 Mbps ,
2022 07-16, 08:58, 0.94 ms , 946.57 Mbps , 948.57 Mbps ,
2022 07-16, 09:28, 0.82 ms , 949.44 Mbps , 948.06 Mbps ,
2022 07-16, 09:58, 0.82 ms , 949.06 Mbps , 936.98 Mbps ,
2022 07-16, 10:29, 0.82 ms , 948.79 Mbps , 920.62 Mbps ,
2022 07-16, 10:59, 0.80 ms , 951.23 Mbps , 948.37 Mbps ,
2022 07-16, 11:29, 0.83 ms , 948.19 Mbps , 948.48 Mbps ,
2022 07-16, 11:59, 0.77 ms , 947.58 Mbps , 948.76 Mbps ,
2022 07-16, 12:29, 0.89 ms , 951.14 Mbps , 948.98 Mbps ,
2022 07-16, 12:59, 0.83 ms , 949.87 Mbps , 948.85 Mbps ,
2022 07-16, 13:30, 0.88 ms , 946.32 Mbps , 949.24 Mbps ,
2022 07-16, 14:00, 0.88 ms , 946.77 Mbps , 948.89 Mbps ,
2022 07-16, 14:30, 0.83 ms , 950.19 Mbps , 947.62 Mbps ,
2022 07-16, 15:00, 0.86 ms , 948.65 Mbps , 948.92 Mbps ,
2022 07-16, 15:30, 0.95 ms , 949.71 Mbps , 947.89 Mbps ,
2022 07-16, 16:01, 0.87 ms , 948.46 Mbps , 948.67 Mbps ,
2022 07-16, 16:31, 0.89 ms , 948.32 Mbps , 948.63 Mbps ,
2022 07-16, 17:01, 0.84 ms , 950.76 Mbps , 948.53 Mbps ,
2022 07-16, 17:31, 0.88 ms , 949.09 Mbps , 948.77 Mbps ,
2022 07-16, 18:01, 0.83 ms , 948.94 Mbps , 948.56 Mbps ,
2022 07-16, 18:31, 0.86 ms , 951.15 Mbps , 948.86 Mbps ,
2022 07-16, 19:02, 0.85 ms , 951.41 Mbps , 948.87 Mbps ,
2022 07-16, 19:32, 0.93 ms , 947.96 Mbps , 948.53 Mbps ,
2022 07-16, 20:02, 0.77 ms , 950.23 Mbps , 948.91 Mbps ,
2022 07-16, 20:32, 0.71 ms , 946.33 Mbps , 948.63 Mbps ,
2022 07-16, 21:02, 0.90 ms , 950.23 Mbps , 948.52 Mbps ,
2022 07-16, 21:32, 0.74 ms , 949.82 Mbps , 949.10 Mbps ,
2022 07-16, 22:03, 0.93 ms , 949.34 Mbps , 949.31 Mbps ,
2022 07-16, 22:33, 0.91 ms , 950.27 Mbps , 949.06 Mbps ,
2022 07-16, 23:03, 0.86 ms , 950.32 Mbps , 948.64 Mbps ,
2022 07-16, 23:33, 0.94 ms , 947.60 Mbps , 948.77 Mbps ,
2022 07-16, 23:55, 0.84 ms , 948.68 Mbps , 948.95 Mbps ,
2022 07-17, 00:25, 0.96 ms , 947.41 Mbps , 948.87 Mbps ,
2022 07-17, 00:55, 0.90 ms , 951.23 Mbps , 948.79 Mbps ,
2022 07-17, 01:25, 0.90 ms , 949.97 Mbps , 948.49 Mbps ,
2022 07-17, 01:56, 0.97 ms , 947.06 Mbps , 948.78 Mbps ,
2022 07-17, 02:26, 0.74 ms , 951.00 Mbps , 948.85 Mbps ,
2022 07-17, 02:56, 0.90 ms , 950.63 Mbps , 948.90 Mbps ,
2022 07-17, 03:26, 0.85 ms , 946.60 Mbps , 948.72 Mbps ,
2022 07-17, 03:56, 0.90 ms , 945.99 Mbps , 949.11 Mbps ,
2022 07-17, 04:26, 0.88 ms , 952.52 Mbps , 948.71 Mbps ,
2022 07-17, 04:57, 0.89 ms , 947.50 Mbps , 948.76 Mbps ,
2022 07-17, 05:27, 0.88 ms , 947.21 Mbps , 948.25 Mbps ,
2022 07-17, 05:57, 0.75 ms , 948.70 Mbps , 948.47 Mbps ,
2022 07-17, 06:27, 0.77 ms , 951.46 Mbps , 949.13 Mbps ,
2022 07-17, 06:57, 0.91 ms , 951.33 Mbps , 945.53 Mbps ,
2022 07-17, 07:28, 0.94 ms , 949.08 Mbps , 948.52 Mbps ,
2022 07-17, 07:58, 0.87 ms , 947.61 Mbps , 948.22 Mbps ,
2022 07-17, 08:28, 0.94 ms , 946.29 Mbps , 945.87 Mbps ,
2022 07-17, 08:58, 0.87 ms , 947.41 Mbps , 947.75 Mbps ,
2022 07-17, 09:28, 0.86 ms , 948.33 Mbps , 947.50 Mbps ,
2022 07-17, 09:58, 0.91 ms , 950.97 Mbps , 948.78 Mbps ,
2022 07-17, 10:29, 0.77 ms , 946.45 Mbps , 948.56 Mbps ,
2022 07-17, 10:59, 0.86 ms , 948.29 Mbps , 948.29 Mbps ,
2022 07-17, 11:29, 0.74 ms , 946.84 Mbps , 948.89 Mbps ,
2022 07-17, 11:59, 0.82 ms , 949.97 Mbps , 948.86 Mbps ,
2022 07-17, 12:29, 0.91 ms , 948.63 Mbps , 948.92 Mbps ,
2022 07-17, 12:59, 0.81 ms , 947.94 Mbps , 948.96 Mbps ,
2022 07-17, 13:30, 0.84 ms , 948.18 Mbps , 948.90 Mbps ,
2022 07-17, 14:00, 0.87 ms , 946.69 Mbps , 948.93 Mbps ,
2022 07-17, 14:30, 0.80 ms , 947.93 Mbps , 947.53 Mbps ,
2022 07-17, 15:00, 0.84 ms , 952.94 Mbps , 948.70 Mbps ,
2022 07-17, 15:30, 0.85 ms , 949.61 Mbps , 948.73 Mbps ,
2022 07-17, 16:01, 0.86 ms , 947.75 Mbps , 948.34 Mbps ,
2022 07-17, 16:31, 0.80 ms , 951.07 Mbps , 948.81 Mbps ,
2022 07-17, 17:01, 0.59 ms , 948.90 Mbps , 948.86 Mbps ,
2022 07-17, 17:31, 0.90 ms , 949.07 Mbps , 949.15 Mbps ,
2022 07-17, 18:01, 0.89 ms , 949.16 Mbps , 948.70 Mbps ,
2022 07-17, 18:31, 0.92 ms , 951.03 Mbps , 948.53 Mbps ,
2022 07-17, 19:02, 0.79 ms , 950.59 Mbps , 948.79 Mbps ,
2022 07-17, 19:32, 0.75 ms , 952.10 Mbps , 948.59 Mbps ,
2022 07-17, 20:02, 0.88 ms , 951.31 Mbps , 948.97 Mbps ,
2022 07-17, 20:32, 0.91 ms , 945.65 Mbps , 948.86 Mbps ,
2022 07-17, 21:02, 0.68 ms , 950.64 Mbps , 948.91 Mbps ,
2022 07-17, 21:33, 0.79 ms , 946.72 Mbps , 948.94 Mbps ,
2022 07-17, 22:03, 0.61 ms , 952.10 Mbps , 948.93 Mbps ,
2022 07-17, 22:33, 0.78 ms , 950.38 Mbps , 948.77 Mbps ,
2022 07-17, 23:03, 0.95 ms , 948.66 Mbps , 949.17 Mbps ,
2022 07-17, 23:33, 0.89 ms , 951.17 Mbps , 948.94 Mbps ,
2022 07-17, 23:55, 0.88 ms , 948.79 Mbps , 948.82 Mbps ,
2022 07-18, 00:25, 0.85 ms , 948.68 Mbps , 948.94 Mbps ,
2022 07-18, 00:55, 0.88 ms , 948.75 Mbps , 949.12 Mbps ,
2022 07-18, 01:25, 0.88 ms , 950.55 Mbps , 948.71 Mbps ,
2022 07-18, 01:55, 0.76 ms , 949.06 Mbps , 948.91 Mbps ,
2022 07-18, 02:26, 0.88 ms , 951.52 Mbps , 948.68 Mbps ,
2022 07-18, 02:56, 0.68 ms , 949.15 Mbps , 948.47 Mbps ,
2022 07-18, 03:26, 0.68 ms , 948.58 Mbps , 947.61 Mbps ,
2022 07-18, 03:56, 0.91 ms , 947.25 Mbps , 948.60 Mbps ,
2022 07-18, 04:26, 0.94 ms , 946.97 Mbps , 947.27 Mbps ,
2022 07-18, 04:57, 0.68 ms , 949.89 Mbps , 948.80 Mbps ,
2022 07-18, 05:27, 0.89 ms , 947.36 Mbps , 948.36 Mbps ,
2022 07-18, 05:57, 0.78 ms , 950.78 Mbps , 947.80 Mbps ,
2022 07-18, 06:27, 0.76 ms , 951.13 Mbps , 948.82 Mbps ,
2022 07-18, 06:57, 0.82 ms , 947.63 Mbps , 949.00 Mbps ,
2022 07-18, 07:27, 0.83 ms , 949.85 Mbps , 948.92 Mbps ,
2022 07-18, 07:58, 0.97 ms , 949.29 Mbps , 948.21 Mbps ,
2022 07-18, 08:28, 0.90 ms , 950.11 Mbps , 948.88 Mbps ,
2022 07-18, 08:58, 0.83 ms , 948.34 Mbps , 949.64 Mbps ,
2022 07-18, 09:28, 0.88 ms , 948.69 Mbps , 946.75 Mbps ,
2022 07-18, 09:58, 0.72 ms , 947.08 Mbps , 948.35 Mbps ,
2022 07-18, 10:29, 0.93 ms , 949.04 Mbps , 948.94 Mbps ,
2022 07-18, 10:59, 0.89 ms , 948.50 Mbps , 948.81 Mbps ,
2022 07-18, 11:29, 0.81 ms , 949.50 Mbps , 948.29 Mbps ,
2022 07-18, 11:59, 0.73 ms , 946.26 Mbps , 947.32 Mbps ,
2022 07-18, 12:29, 0.82 ms , 947.77 Mbps , 948.77 Mbps ,
2022 07-18, 12:59, 0.76 ms , 948.83 Mbps , 948.44 Mbps ,
2022 07-18, 13:30, 0.84 ms , 949.46 Mbps , 948.85 Mbps ,
2022 07-18, 14:00, 0.73 ms , 949.37 Mbps , 948.88 Mbps ,
2022 07-18, 14:30, 0.84 ms , 949.14 Mbps , 948.94 Mbps ,
2022 07-18, 15:00, 0.87 ms , 950.25 Mbps , 948.88 Mbps ,
2022 07-18, 15:30,
2022 07-18, 16:00, 0.75 ms , 951.27 Mbps , 949.62 Mbps ,
2022 07-18, 16:31, 0.49 ms , 947.94 Mbps , 948.94 Mbps ,
2022 07-18, 17:01, 0.86 ms , 945.68 Mbps , 948.60 Mbps ,
2022 07-18, 17:31, 0.95 ms , 949.35 Mbps , 948.90 Mbps ,
2022 07-18, 18:01, 0.88 ms , 949.53 Mbps , 947.61 Mbps ,
2022 07-18, 18:31, 0.49 ms , 947.14 Mbps , 947.65 Mbps ,
2022 07-18, 19:02, 0.55 ms , 947.92 Mbps , 948.78 Mbps ,
2022 07-18, 19:32, 0.84 ms , 948.17 Mbps , 947.89 Mbps ,
2022 07-18, 20:02, 0.50 ms , 950.37 Mbps , 948.88 Mbps ,
2022 07-18, 20:32, 0.57 ms , 949.51 Mbps , 949.07 Mbps ,
2022 07-18, 21:02, 0.77 ms , 948.71 Mbps , 947.47 Mbps ,
2022 07-18, 21:32, 0.95 ms , 948.25 Mbps , 948.89 Mbps ,
2022 07-18, 22:03, 0.71 ms , 949.09 Mbps , 948.88 Mbps ,
2022 07-18, 22:33, 0.82 ms , 946.86 Mbps , 948.55 Mbps ,
2022 07-18, 23:03, 0.80 ms , 949.74 Mbps , 948.91 Mbps ,
2022 07-18, 23:33, 0.83 ms , 947.80 Mbps , 948.75 Mbps ,
2022 07-18, 23:55, 0.91 ms , 950.54 Mbps , 948.63 Mbps ,
2022 07-19, 00:25, 0.81 ms , 950.28 Mbps , 949.16 Mbps ,
2022 07-19, 00:55, 0.65 ms , 950.94 Mbps , 949.14 Mbps ,
2022 07-19, 01:25, 0.98 ms , 948.55 Mbps , 948.96 Mbps ,
2022 07-19, 01:55, 0.84 ms , 950.80 Mbps , 948.84 Mbps ,
2022 07-19, 02:26, 0.48 ms , 950.18 Mbps , 948.64 Mbps ,
2022 07-19, 02:56, 0.76 ms , 949.05 Mbps , 949.07 Mbps ,
2022 07-19, 03:26, 0.89 ms , 950.72 Mbps , 948.87 Mbps ,
2022 07-19, 03:56, 0.91 ms , 950.58 Mbps , 949.45 Mbps ,
2022 07-19, 04:26, 0.87 ms , 947.91 Mbps , 948.68 Mbps ,
2022 07-19, 04:57, 0.88 ms , 952.53 Mbps , 948.80 Mbps ,
2022 07-19, 05:27, 0.70 ms , 949.19 Mbps , 948.93 Mbps ,
2022 07-19, 05:57, 0.94 ms , 948.45 Mbps , 948.67 Mbps ,
2022 07-19, 06:27, 0.80 ms , 948.60 Mbps , 948.60 Mbps ,
2022 07-19, 06:57, 0.51 ms , 945.68 Mbps , 948.69 Mbps ,
2022 07-19, 07:27, 0.91 ms , 949.96 Mbps , 948.79 Mbps ,
2022 07-19, 07:58, 0.90 ms , 946.75 Mbps , 948.91 Mbps ,
2022 07-19, 08:28, 0.56 ms , 949.49 Mbps , 948.98 Mbps ,
2022 07-19, 08:58, 0.91 ms , 950.40 Mbps , 947.85 Mbps ,
2022 07-19, 09:28, 0.86 ms , 949.96 Mbps , 948.88 Mbps ,
2022 07-19, 09:58, 0.81 ms , 951.66 Mbps , 948.96 Mbps ,
2022 07-19, 10:28, 0.88 ms , 948.46 Mbps , 946.45 Mbps ,
2022 07-19, 10:59, 0.55 ms , 948.59 Mbps , 948.62 Mbps ,
2022 07-19, 11:29, 0.84 ms , 950.87 Mbps , 949.06 Mbps ,
2022 07-19, 11:59, 0.56 ms , 949.18 Mbps , 948.86 Mbps ,
2022 07-19, 12:29, 0.90 ms , 952.91 Mbps , 948.30 Mbps ,
2022 07-19, 12:59, 0.63 ms , 947.95 Mbps , 948.83 Mbps ,
2022 07-19, 13:30, 0.76 ms , 951.33 Mbps , 948.03 Mbps ,
2022 07-19, 14:00, 0.95 ms , 948.04 Mbps , 948.88 Mbps ,
2022 07-19, 14:30, 0.85 ms , 949.73 Mbps , 947.64 Mbps ,
2022 07-19, 15:00, 0.60 ms , 948.75 Mbps , 948.88 Mbps ,
2022 07-19, 15:30, 0.86 ms , 947.95 Mbps , 948.94 Mbps ,
2022 07-19, 16:00, 0.93 ms , 951.86 Mbps , 948.62 Mbps ,
2022 07-19, 16:31, 0.52 ms , 949.71 Mbps , 948.18 Mbps ,
2022 07-20, 10:12, 0.93 ms , 952.30 Mbps , 948.97 Mbps ,
2022 07-20, 10:42, 0.83 ms , 946.82 Mbps , 948.63 Mbps ,
2022 07-20, 11:12, 0.84 ms , 949.79 Mbps , 948.81 Mbps ,
2022 07-20, 11:42, 0.81 ms , 948.06 Mbps , 949.15 Mbps ,
2022 07-20, 12:12, 0.87 ms , 951.62 Mbps , 948.90 Mbps ,
2022 07-20, 12:43, 0.92 ms , 946.23 Mbps , 948.82 Mbps ,
2022 07-20, 13:13, 0.86 ms , 950.16 Mbps , 948.85 Mbps ,
2022 07-20, 13:43, 0.90 ms , 947.90 Mbps , 948.58 Mbps ,
2022 07-20, 14:13, 0.69 ms , 950.00 Mbps , 948.68 Mbps ,
2022 07-20, 14:43, 0.89 ms , 949.80 Mbps , 947.39 Mbps ,
2022 07-20, 15:14, 0.84 ms , 948.54 Mbps , 948.67 Mbps ,
2022 07-20, 15:44, 0.95 ms , 947.10 Mbps , 948.80 Mbps ,
2022 07-20, 16:14, 0.70 ms , 949.48 Mbps , 948.90 Mbps ,
2022 07-20, 16:44, 0.93 ms , 949.01 Mbps , 948.76 Mbps ,
2022 07-20, 17:14, 0.82 ms , 950.38 Mbps , 949.04 Mbps ,
2022 07-20, 17:44, 0.84 ms , 949.19 Mbps , 948.40 Mbps ,
2022 07-20, 18:15, 0.74 ms , 949.63 Mbps , 948.92 Mbps ,
2022 07-20, 18:45, 0.88 ms , 947.22 Mbps , 948.85 Mbps ,
2022 07-20, 19:15, 0.95 ms , 947.63 Mbps , 947.46 Mbps ,
2022 07-20, 19:45, 0.85 ms , 948.01 Mbps , 947.96 Mbps ,
2022 07-20, 20:15, 0.84 ms , 951.31 Mbps , 948.77 Mbps ,
2022 07-20, 20:46, 0.93 ms , 947.85 Mbps , 948.80 Mbps ,
2022 07-20, 21:16, 0.83 ms , 947.34 Mbps , 948.87 Mbps ,
2022 07-20, 21:46, 0.95 ms , 947.86 Mbps , 949.18 Mbps ,
2022 07-20, 22:16, 0.91 ms , 952.08 Mbps , 948.98 Mbps ,
2022 07-20, 22:46, 0.81 ms , 948.29 Mbps , 948.93 Mbps ,
2022 07-20, 23:16, 0.84 ms , 951.48 Mbps , 948.73 Mbps ,
2022 07-20, 23:47, 0.88 ms , 951.04 Mbps , 948.85 Mbps ,
2022 07-20, 23:55, 0.96 ms , 946.84 Mbps , 948.85 Mbps ,
2022 07-21, 00:25, 0.87 ms , 948.88 Mbps , 947.93 Mbps ,
2022 07-21, 00:55, 0.79 ms , 949.54 Mbps , 948.91 Mbps ,
2022 07-21, 01:25, 0.73 ms , 948.53 Mbps , 948.83 Mbps ,
2022 07-21, 01:56, 0.93 ms , 949.94 Mbps , 948.81 Mbps ,
2022 07-21, 02:26, 0.85 ms , 948.16 Mbps , 948.11 Mbps ,
2022 07-21, 02:56, 0.90 ms , 949.62 Mbps , 948.90 Mbps ,
2022 07-21, 03:26, 0.79 ms , 946.57 Mbps , 948.78 Mbps ,
2022 07-21, 03:56, 0.76 ms , 948.46 Mbps , 948.65 Mbps ,
2022 07-21, 04:26, 0.90 ms , 951.50 Mbps , 946.94 Mbps ,
2022 07-21, 04:57, 0.79 ms , 947.89 Mbps , 948.86 Mbps ,
2022 07-21, 05:27, 0.75 ms , 948.49 Mbps , 948.76 Mbps ,
2022 07-21, 05:57, 0.86 ms , 948.98 Mbps , 948.99 Mbps ,
2022 07-21, 06:27, 0.89 ms , 948.44 Mbps , 948.91 Mbps ,
2022 07-21, 06:57, 0.94 ms , 949.09 Mbps , 948.75 Mbps ,
2022 07-21, 07:27, 0.88 ms , 949.78 Mbps , 948.85 Mbps ,
2022 07-21, 07:58, 0.91 ms , 951.71 Mbps , 948.91 Mbps ,
2022 07-21, 08:28, 0.89 ms , 946.34 Mbps , 949.12 Mbps ,
2022 07-21, 08:58, 0.87 ms , 950.18 Mbps , 948.45 Mbps ,
2022 07-21, 09:28, 0.57 ms , 948.48 Mbps , 946.96 Mbps ,
2022 07-21, 09:58, 0.75 ms , 948.20 Mbps , 948.79 Mbps ,
2022 07-21, 10:29, 0.94 ms , 948.82 Mbps , 948.48 Mbps ,
2022 07-21, 10:59, 0.89 ms , 946.65 Mbps , 948.79 Mbps ,
2022 07-21, 11:29, 0.91 ms , 948.78 Mbps , 948.89 Mbps ,
2022 07-21, 11:59, 0.90 ms , 947.91 Mbps , 948.74 Mbps ,
2022 07-21, 12:29, 0.71 ms , 950.49 Mbps , 948.78 Mbps ,
2022 07-21, 12:59, 0.87 ms , 947.29 Mbps , 949.11 Mbps ,
2022 07-21, 13:30, 0.84 ms , 947.75 Mbps , 948.93 Mbps ,
2022 07-21, 14:00, 0.74 ms , 950.63 Mbps , 948.88 Mbps ,
2022 07-21, 14:30, 0.91 ms , 948.43 Mbps , 948.58 Mbps ,
2022 07-21, 15:00, 0.71 ms , 948.37 Mbps , 948.99 Mbps ,
2022 07-21, 15:30, 0.78 ms , 949.27 Mbps , 948.80 Mbps ,
2022 07-21, 16:01, 0.90 ms , 948.59 Mbps , 948.84 Mbps ,
2022 07-21, 16:31, 0.86 ms , 948.67 Mbps , 948.85 Mbps ,
2022 07-21, 17:01, 0.96 ms , 946.62 Mbps , 948.49 Mbps ,
2022 07-21, 17:31, 0.94 ms , 951.97 Mbps , 948.95 Mbps ,
2022 07-21, 18:01, 0.78 ms , 950.40 Mbps , 948.84 Mbps ,
2022 07-21, 18:31, 0.78 ms , 946.11 Mbps , 948.77 Mbps ,
2022 07-21, 19:02, 0.89 ms , 949.98 Mbps , 948.94 Mbps ,
2022 07-21, 19:32, 0.92 ms , 948.25 Mbps , 949.28 Mbps ,
2022 07-21, 20:02, 0.71 ms , 946.54 Mbps , 948.80 Mbps ,
2022 07-21, 20:32, 0.92 ms , 949.32 Mbps , 946.25 Mbps ,
2022 07-21, 21:02, 0.74 ms , 949.55 Mbps , 948.81 Mbps ,
2022 07-21, 21:33, 0.93 ms , 949.68 Mbps , 947.40 Mbps ,
2022 07-21, 22:03, 0.82 ms , 948.08 Mbps , 948.87 Mbps ,
2022 07-21, 22:33, 0.79 ms , 950.48 Mbps , 946.38 Mbps ,
2022 07-21, 23:03, 0.80 ms , 948.70 Mbps , 949.36 Mbps ,
2022 07-21, 23:33, 0.82 ms , 950.34 Mbps , 948.53 Mbps ,
2022 07-21, 23:55, 0.89 ms , 949.13 Mbps , 948.57 Mbps ,
2022 07-22, 00:25, 0.77 ms , 948.56 Mbps , 948.13 Mbps ,
2022 07-22, 00:55, 0.82 ms , 948.15 Mbps , 948.82 Mbps ,
2022 07-22, 01:25, 0.78 ms , 947.79 Mbps , 948.57 Mbps ,
2022 07-22, 01:55, 0.84 ms , 949.30 Mbps , 948.90 Mbps ,
2022 07-22, 02:26, 0.93 ms , 948.47 Mbps , 948.96 Mbps ,
2022 07-22, 02:56, 0.95 ms , 947.24 Mbps , 948.92 Mbps ,
2022 07-22, 03:26, 0.76 ms , 949.90 Mbps , 948.84 Mbps ,
2022 07-22, 03:56, 0.90 ms , 949.33 Mbps , 948.82 Mbps ,
2022 07-22, 04:26, 0.90 ms , 948.72 Mbps , 947.79 Mbps ,
2022 07-22, 04:57, 0.81 ms , 949.01 Mbps , 948.94 Mbps ,
2022 07-22, 05:27, 0.90 ms , 946.93 Mbps , 948.86 Mbps ,
2022 07-22, 05:57, 0.95 ms , 949.66 Mbps , 948.02 Mbps ,
2022 07-22, 06:27, 0.86 ms , 949.91 Mbps , 948.80 Mbps ,
2022 07-22, 06:57, 0.84 ms , 947.08 Mbps , 948.88 Mbps ,
2022 07-22, 07:27, 0.84 ms , 947.11 Mbps , 948.82 Mbps ,
2022 07-22, 07:58, 0.80 ms , 949.77 Mbps , 948.87 Mbps ,
2022 07-22, 08:28, 0.93 ms , 950.29 Mbps , 948.06 Mbps ,
2022 07-22, 08:58, 0.92 ms , 949.17 Mbps , 948.87 Mbps ,
2022 07-22, 09:28, 0.91 ms , 948.06 Mbps , 949.07 Mbps ,
2022 07-22, 09:58, 0.85 ms , 945.32 Mbps , 948.59 Mbps ,
2022 07-22, 10:29, 0.77 ms , 945.82 Mbps , 948.50 Mbps ,
2022 07-22, 10:59, 0.72 ms , 950.92 Mbps , 948.64 Mbps ,
2022 07-22, 11:29, 0.76 ms , 951.99 Mbps , 946.92 Mbps ,
2022 07-22, 11:59, 0.80 ms , 949.39 Mbps , 948.55 Mbps ,
2022 07-22, 12:29, 0.85 ms , 949.84 Mbps , 948.68 Mbps ,
2022 07-22, 12:59, 0.88 ms , 951.61 Mbps , 949.23 Mbps ,
2022 07-22, 13:30, 0.86 ms , 946.12 Mbps , 948.85 Mbps ,
2022 07-22, 14:00, 0.67 ms , 948.86 Mbps , 948.61 Mbps ,
2022 07-22, 14:30, 0.89 ms , 947.54 Mbps , 948.80 Mbps ,
2022 07-22, 15:00, 0.89 ms , 949.71 Mbps , 948.79 Mbps ,
2022 07-22, 15:30, 0.92 ms , 950.20 Mbps , 947.98 Mbps ,
2022 07-22, 16:00, 0.89 ms , 950.05 Mbps , 948.75 Mbps ,
2022 07-22, 16:31, 0.76 ms , 946.65 Mbps , 948.91 Mbps ,
2022 07-22, 17:01, 0.98 ms , 949.32 Mbps , 949.13 Mbps ,
2022 07-22, 17:31, 0.84 ms , 947.71 Mbps , 948.76 Mbps ,
2022 07-22, 18:01, 0.80 ms , 949.18 Mbps , 948.84 Mbps ,
2022 07-22, 18:31, 0.75 ms , 948.14 Mbps , 948.93 Mbps ,
2022 07-22, 19:02, 0.95 ms , 950.97 Mbps , 948.60 Mbps ,
2022 07-22, 19:32, 0.88 ms , 951.52 Mbps , 948.94 Mbps ,
2022 07-22, 20:02, 0.90 ms , 946.38 Mbps , 948.51 Mbps ,
2022 07-22, 20:32, 0.87 ms , 951.41 Mbps , 948.82 Mbps ,
2022 07-22, 21:02, 0.78 ms , 946.92 Mbps , 948.60 Mbps ,
2022 07-22, 21:32, 0.81 ms , 948.25 Mbps , 948.72 Mbps ,
2022 07-22, 22:03, 0.84 ms , 949.89 Mbps , 948.07 Mbps ,
2022 07-22, 22:33, 0.77 ms , 947.47 Mbps , 948.84 Mbps ,
2022 07-22, 23:03, 0.90 ms , 945.15 Mbps , 948.73 Mbps ,
2022 07-22, 23:33, 0.83 ms , 947.99 Mbps , 948.53 Mbps ,
2022 07-22, 23:55, 0.71 ms , 947.08 Mbps , 948.54 Mbps ,
2022 07-23, 00:25, 0.88 ms , 953.43 Mbps , 948.26 Mbps ,
2022 07-23, 00:55, 0.93 ms , 950.10 Mbps , 948.79 Mbps ,
2022 07-23, 01:25, 0.83 ms , 949.24 Mbps , 949.23 Mbps ,
2022 07-23, 01:56, 0.89 ms , 949.31 Mbps , 949.34 Mbps ,
2022 07-23, 02:26, 0.82 ms , 949.86 Mbps , 948.11 Mbps ,
2022 07-23, 02:56, 0.89 ms , 947.04 Mbps , 948.84 Mbps ,
2022 07-23, 03:26, 0.84 ms , 948.05 Mbps , 948.77 Mbps ,
2022 07-23, 03:56, 0.88 ms , 949.76 Mbps , 948.85 Mbps ,
2022 07-23, 04:26, 0.87 ms , 950.59 Mbps , 948.85 Mbps ,
2022 07-23, 04:57, 0.88 ms , 950.61 Mbps , 949.19 Mbps ,
2022 07-23, 05:27, 0.97 ms , 950.37 Mbps , 948.94 Mbps ,
2022 07-23, 05:57, 0.85 ms , 949.72 Mbps , 948.86 Mbps ,
2022 07-23, 06:27, 0.62 ms , 946.04 Mbps , 948.85 Mbps ,
2022 07-23, 06:57, 0.82 ms , 949.55 Mbps , 948.03 Mbps ,
2022 07-23, 07:28, 0.93 ms , 949.85 Mbps , 948.67 Mbps ,
2022 07-23, 07:58, 0.84 ms , 948.64 Mbps , 948.94 Mbps ,
2022 07-23, 08:28, 0.90 ms , 950.01 Mbps , 948.55 Mbps ,
2022 07-23, 08:58, 0.95 ms , 950.30 Mbps , 948.51 Mbps ,
2022 07-23, 09:28, 0.76 ms , 951.43 Mbps , 948.72 Mbps ,
2022 07-23, 09:58, 0.75 ms , 948.57 Mbps , 948.91 Mbps ,
2022 07-23, 10:29, 0.86 ms , 950.06 Mbps , 948.91 Mbps ,
2022 07-23, 10:59, 0.90 ms , 946.35 Mbps , 948.78 Mbps ,
2022 07-23, 11:29, 0.94 ms , 949.57 Mbps , 947.43 Mbps ,
2022 07-23, 11:59, 0.90 ms , 948.05 Mbps , 948.78 Mbps ,
2022 07-23, 12:29, 0.92 ms , 948.02 Mbps , 948.46 Mbps ,
2022 07-23, 13:00, 0.75 ms , 950.62 Mbps , 949.36 Mbps ,
2022 07-23, 13:30, 0.83 ms , 947.36 Mbps , 948.60 Mbps ,
2022 07-23, 14:00, 0.87 ms , 952.09 Mbps , 948.76 Mbps ,
2022 07-23, 14:30, 0.85 ms , 946.34 Mbps , 948.71 Mbps ,
2022 07-23, 15:00, 0.80 ms , 947.94 Mbps , 948.88 Mbps ,
2022 07-23, 15:30, 0.91 ms , 951.45 Mbps , 946.58 Mbps ,
2022 07-23, 16:01, 0.86 ms , 950.92 Mbps , 948.72 Mbps ,
2022 07-23, 16:31, 0.77 ms , 948.79 Mbps , 948.86 Mbps ,
2022 07-23, 17:01, 0.93 ms , 949.31 Mbps , 948.89 Mbps ,
2022 07-23, 17:31, 0.80 ms , 948.98 Mbps , 948.48 Mbps ,
2022 07-23, 18:01, 0.88 ms , 951.12 Mbps , 948.24 Mbps ,
2022 07-23, 18:31, 0.81 ms , 951.19 Mbps , 949.00 Mbps ,
2022 07-23, 19:02, 0.87 ms , 949.10 Mbps , 947.66 Mbps ,
2022 07-23, 19:32, 0.85 ms , 947.95 Mbps , 948.22 Mbps ,
2022 07-23, 20:02, 0.80 ms , 951.47 Mbps , 948.86 Mbps ,
2022 07-23, 20:32, 0.84 ms , 948.06 Mbps , 948.13 Mbps ,
2022 07-23, 21:02, 0.81 ms , 948.09 Mbps , 948.97 Mbps ,
2022 07-23, 21:33, 0.83 ms , 949.56 Mbps , 948.93 Mbps ,
2022 07-23, 22:03, 0.77 ms , 951.70 Mbps , 948.91 Mbps ,
2022 07-23, 22:33, 0.84 ms , 950.68 Mbps , 945.97 Mbps ,
2022 07-23, 23:03, 0.91 ms , 950.82 Mbps , 948.99 Mbps ,
2022 07-23, 23:33, 0.96 ms , 951.24 Mbps , 948.62 Mbps ,
2022 07-23, 23:55, 0.91 ms , 948.87 Mbps , 947.16 Mbps ,
2022 07-24, 00:25, 0.85 ms , 950.09 Mbps , 947.85 Mbps ,
2022 07-24, 00:55, 0.92 ms , 948.95 Mbps , 948.97 Mbps ,
2022 07-24, 01:25, 0.92 ms , 949.21 Mbps , 948.87 Mbps ,
2022 07-24, 01:55, 0.91 ms , 947.26 Mbps , 948.93 Mbps ,
2022 07-24, 02:26, 0.86 ms , 947.79 Mbps , 948.70 Mbps ,
2022 07-24, 02:56, 0.77 ms , 951.33 Mbps , 948.91 Mbps ,
2022 07-24, 03:26, 0.97 ms , 947.78 Mbps , 948.66 Mbps ,
2022 07-24, 03:56, 0.86 ms , 948.52 Mbps , 948.72 Mbps ,
2022 07-24, 04:26, 0.69 ms , 949.14 Mbps , 947.66 Mbps ,
2022 07-24, 04:57, 0.76 ms , 947.44 Mbps , 948.74 Mbps ,
2022 07-24, 05:27, 0.83 ms , 951.23 Mbps , 948.89 Mbps ,
2022 07-24, 05:57, 0.92 ms , 945.62 Mbps , 948.83 Mbps ,
2022 07-24, 06:27, 0.63 ms , 945.43 Mbps , 948.81 Mbps ,
2022 07-24, 06:57, 0.88 ms , 951.41 Mbps , 948.68 Mbps ,
2022 07-24, 07:27, 0.89 ms , 948.02 Mbps , 948.85 Mbps ,
2022 07-24, 07:58, 0.80 ms , 948.11 Mbps , 948.47 Mbps ,
2022 07-24, 08:28, 0.83 ms , 950.17 Mbps , 947.82 Mbps ,
2022 07-24, 08:58, 0.76 ms , 950.82 Mbps , 949.10 Mbps ,
2022 07-24, 09:28, 0.73 ms , 947.82 Mbps , 948.95 Mbps ,
2022 07-24, 09:58, 0.70 ms , 951.14 Mbps , 948.61 Mbps ,
2022 07-24, 10:29, 0.73 ms , 947.45 Mbps , 949.06 Mbps ,
2022 07-24, 10:59, 0.90 ms , 950.12 Mbps , 948.97 Mbps ,
2022 07-24, 11:29, 0.89 ms , 947.81 Mbps , 948.87 Mbps ,
2022 07-24, 11:59, 0.86 ms , 945.88 Mbps , 948.80 Mbps ,
2022 07-24, 12:29, 0.86 ms , 951.63 Mbps , 948.85 Mbps ,
2022 07-24, 12:59, 0.86 ms , 949.61 Mbps , 948.90 Mbps ,
2022 07-24, 13:30, 0.85 ms , 947.60 Mbps , 948.61 Mbps ,
2022 07-24, 14:00, 0.81 ms , 949.98 Mbps , 948.94 Mbps ,
2022 07-24, 14:30, 0.85 ms , 949.82 Mbps , 948.87 Mbps ,
2022 07-24, 15:00, 0.91 ms , 950.28 Mbps , 948.73 Mbps ,
2022 07-24, 15:30, 0.87 ms , 948.63 Mbps , 948.74 Mbps ,
2022 07-24, 16:00, 0.91 ms , 947.55 Mbps , 948.32 Mbps ,
2022 07-24, 16:31, 0.88 ms , 946.47 Mbps , 948.55 Mbps ,
2022 07-24, 17:01, 0.81 ms , 948.19 Mbps , 948.79 Mbps ,
2022 07-24, 17:31, 0.83 ms , 950.10 Mbps , 947.72 Mbps ,
2022 07-24, 18:01, 0.91 ms , 949.80 Mbps , 948.90 Mbps ,
2022 07-24, 18:31, 0.74 ms , 949.06 Mbps , 948.56 Mbps ,
2022 07-24, 19:02, 0.95 ms , 947.60 Mbps , 947.48 Mbps ,
2022 07-24, 19:32, 0.83 ms , 950.94 Mbps , 948.86 Mbps ,
2022 07-24, 20:02, 0.92 ms , 950.93 Mbps , 948.89 Mbps ,
2022 07-24, 20:32, 0.77 ms , 949.53 Mbps , 948.89 Mbps ,
2022 07-24, 21:02, 0.97 ms , 947.97 Mbps , 948.88 Mbps ,
2022 07-24, 21:32, 0.88 ms , 948.59 Mbps , 948.26 Mbps ,
2022 07-24, 22:03, 0.91 ms , 947.88 Mbps , 948.58 Mbps ,
2022 07-24, 22:33, 0.76 ms , 949.80 Mbps , 948.95 Mbps ,
2022 07-24, 23:03, 0.86 ms , 948.94 Mbps , 948.85 Mbps ,
2022 07-24, 23:33, 0.93 ms , 949.51 Mbps , 948.78 Mbps ,
2022 07-24, 23:55, 0.82 ms , 947.11 Mbps , 949.15 Mbps ,
2022 07-25, 00:25, 0.79 ms , 951.61 Mbps , 947.59 Mbps ,
2022 07-25, 00:55, 0.88 ms , 947.02 Mbps , 948.93 Mbps ,
2022 07-25, 01:25, 0.89 ms , 949.68 Mbps , 948.73 Mbps ,
2022 07-25, 01:55, 0.93 ms , 948.58 Mbps , 948.86 Mbps ,
2022 07-25, 02:26, 0.93 ms , 947.69 Mbps , 946.92 Mbps ,
2022 07-25, 02:56, 0.82 ms , 951.07 Mbps , 948.83 Mbps ,
2022 07-25, 03:26, 0.84 ms , 949.64 Mbps , 948.50 Mbps ,
2022 07-25, 03:56, 0.94 ms , 948.23 Mbps , 949.12 Mbps ,
2022 07-25, 04:26, 0.65 ms , 949.19 Mbps , 947.89 Mbps ,
2022 07-25, 04:57, 0.81 ms , 948.58 Mbps , 948.17 Mbps ,
2022 07-25, 05:27, 0.66 ms , 950.98 Mbps , 948.87 Mbps ,
2022 07-25, 05:57, 0.90 ms , 946.59 Mbps , 949.27 Mbps ,
2022 07-25, 06:27, 0.90 ms , 950.38 Mbps , 948.73 Mbps ,
2022 07-25, 06:57, 0.90 ms , 950.65 Mbps , 949.47 Mbps ,
2022 07-25, 07:27, 0.88 ms , 948.25 Mbps , 948.78 Mbps ,
2022 07-25, 07:58, 0.85 ms , 952.14 Mbps , 949.28 Mbps ,
2022 07-25, 08:28, 0.92 ms , 946.88 Mbps , 948.93 Mbps ,
2022 07-25, 08:58, 0.90 ms , 950.31 Mbps , 948.77 Mbps ,
2022 07-25, 09:28, 0.64 ms , 950.45 Mbps , 948.92 Mbps ,
2022 07-25, 09:58, 0.90 ms , 946.94 Mbps , 949.29 Mbps ,
2022 07-25, 10:29, 0.86 ms , 948.79 Mbps , 946.66 Mbps ,
2022 07-25, 10:59, 0.88 ms , 948.04 Mbps , 948.92 Mbps ,
2022 07-25, 11:29, 0.93 ms , 951.31 Mbps , 948.62 Mbps ,
2022 07-25, 11:59, 0.86 ms , 950.71 Mbps , 949.03 Mbps ,
2022 07-25, 12:29, 0.76 ms , 948.29 Mbps , 948.88 Mbps ,
2022 07-25, 12:59, 0.91 ms , 949.26 Mbps , 948.89 Mbps ,
2022 07-25, 13:30, 0.85 ms , 948.52 Mbps , 948.93 Mbps ,
2022 07-25, 14:00, 0.83 ms , 950.51 Mbps , 948.91 Mbps ,
2022 07-25, 14:30, 0.93 ms , 950.61 Mbps , 948.98 Mbps ,
2022 07-25, 15:00, 0.83 ms , 947.35 Mbps , 949.18 Mbps ,
2022 07-25, 15:30, 0.91 ms , 949.53 Mbps , 948.55 Mbps ,
2022 07-25, 16:01, 0.83 ms , 947.58 Mbps , 948.92 Mbps ,
2022 07-25, 16:31, 0.81 ms , 948.76 Mbps , 948.85 Mbps ,
2022 07-25, 17:01, 0.93 ms , 945.91 Mbps , 948.73 Mbps ,
2022 07-25, 17:31, 0.87 ms , 950.49 Mbps , 948.94 Mbps ,
2022 07-25, 18:01, 0.63 ms , 946.01 Mbps , 949.16 Mbps ,
2022 07-25, 18:31, 0.87 ms , 950.58 Mbps , 948.82 Mbps ,
2022 07-25, 19:02, 0.83 ms , 950.01 Mbps , 948.93 Mbps ,
2022 07-25, 19:32, 0.97 ms , 949.62 Mbps , 948.88 Mbps ,
2022 07-25, 20:02, 0.96 ms , 948.29 Mbps , 948.91 Mbps ,
2022 07-25, 20:32, 0.78 ms , 946.81 Mbps , 946.25 Mbps ,
2022 07-25, 21:02, 0.80 ms , 949.49 Mbps , 948.88 Mbps ,
2022 07-25, 21:33, 0.86 ms , 946.77 Mbps , 949.19 Mbps ,
2022 07-25, 22:03, 0.92 ms , 947.47 Mbps , 948.75 Mbps ,
2022 07-25, 22:33, 0.89 ms , 949.06 Mbps , 945.89 Mbps ,
2022 07-25, 23:03, 0.79 ms , 949.41 Mbps , 948.32 Mbps ,
2022 07-25, 23:33, 0.70 ms , 949.30 Mbps , 948.84 Mbps ,
2022 07-25, 23:55, 0.88 ms , 948.10 Mbps , 946.84 Mbps ,
2022 07-26, 00:25, 0.74 ms , 950.30 Mbps , 948.73 Mbps ,
2022 07-26, 00:55, 0.83 ms , 946.31 Mbps , 948.91 Mbps ,
2022 07-26, 01:25, 0.75 ms , 949.85 Mbps , 948.86 Mbps ,
2022 07-26, 01:56, 0.92 ms , 948.46 Mbps , 948.88 Mbps ,
2022 07-26, 02:26, 0.87 ms , 946.35 Mbps , 947.89 Mbps ,
2022 07-26, 02:56, 0.77 ms , 948.21 Mbps , 948.95 Mbps ,
2022 07-26, 03:26, 0.90 ms , 948.04 Mbps , 948.92 Mbps ,
2022 07-26, 03:56, 0.92 ms , 949.31 Mbps , 948.93 Mbps ,
2022 07-26, 04:26, 0.81 ms , 950.46 Mbps , 947.86 Mbps ,
2022 07-26, 04:57, 0.86 ms , 950.03 Mbps , 948.88 Mbps ,
2022 07-26, 05:27, 0.90 ms , 950.32 Mbps , 948.81 Mbps ,
2022 07-26, 05:57, 0.83 ms , 950.54 Mbps , 948.90 Mbps ,
2022 07-26, 06:27, 0.85 ms , 949.89 Mbps , 948.90 Mbps ,
2022 07-26, 06:57, 0.84 ms , 949.35 Mbps , 947.77 Mbps ,
2022 07-26, 07:28, 0.93 ms , 949.59 Mbps , 948.54 Mbps ,
2022 07-26, 07:58, 0.90 ms , 950.00 Mbps , 948.89 Mbps ,
2022 07-26, 08:28, 0.76 ms , 948.58 Mbps , 948.33 Mbps ,
2022 07-26, 08:58, 0.81 ms , 950.31 Mbps , 948.78 Mbps ,
2022 07-26, 09:28, 0.92 ms , 943.59 Mbps , 948.75 Mbps ,
2022 07-26, 09:58, 0.78 ms , 950.43 Mbps , 948.55 Mbps ,
2022 07-26, 10:29, 0.84 ms , 948.96 Mbps , 948.87 Mbps ,
2022 07-26, 10:59, 0.80 ms , 948.25 Mbps , 948.99 Mbps ,
2022 07-26, 11:29, 0.77 ms , 952.60 Mbps , 948.34 Mbps ,
2022 07-26, 11:59, 0.87 ms , 950.10 Mbps , 948.63 Mbps ,
2022 07-26, 12:29, 0.82 ms , 946.53 Mbps , 948.90 Mbps ,
2022 07-26, 13:00, 0.75 ms , 948.30 Mbps , 948.68 Mbps ,
2022 07-26, 13:30, 0.92 ms , 951.34 Mbps , 947.89 Mbps ,
2022 07-26, 14:00, 0.87 ms , 949.25 Mbps , 948.82 Mbps ,
2022 07-26, 14:30, 0.95 ms , 948.53 Mbps , 948.63 Mbps ,
2022 07-26, 15:00, 0.90 ms , 949.16 Mbps , 949.36 Mbps ,
2022 07-26, 15:30, 0.88 ms , 951.65 Mbps , 947.11 Mbps ,
2022 07-26, 16:01, 0.87 ms , 950.14 Mbps , 948.92 Mbps ,
2022 07-26, 16:31, 0.88 ms , 947.48 Mbps , 948.87 Mbps ,
2022 07-26, 17:01, 0.88 ms , 946.98 Mbps , 948.81 Mbps ,
2022 07-26, 17:31, 0.83 ms , 947.94 Mbps , 948.38 Mbps ,
2022 07-26, 18:01, 0.79 ms , 947.71 Mbps , 949.10 Mbps ,
2022 07-26, 18:31, 0.80 ms , 950.91 Mbps , 948.17 Mbps ,
2022 07-26, 19:02, 0.88 ms , 943.76 Mbps , 948.88 Mbps ,
2022 07-26, 19:32, 0.84 ms , 950.64 Mbps , 948.71 Mbps ,
2022 07-26, 20:02, 0.90 ms , 947.32 Mbps , 948.88 Mbps ,
2022 07-26, 20:32, 0.85 ms , 950.19 Mbps , 948.06 Mbps ,
2022 07-26, 21:02, 0.80 ms , 948.84 Mbps , 948.54 Mbps ,
2022 07-26, 21:33, 0.86 ms , 949.38 Mbps , 948.96 Mbps ,
2022 07-26, 22:03, 0.96 ms , 949.92 Mbps , 949.39 Mbps ,
2022 07-26, 22:33, 0.85 ms , 947.39 Mbps , 946.57 Mbps ,
2022 07-26, 23:03, 0.88 ms , 950.39 Mbps , 948.42 Mbps ,
2022 07-26, 23:33, 0.83 ms , 948.69 Mbps , 948.57 Mbps ,
2022 07-26, 23:55, 0.88 ms , 947.12 Mbps , 948.88 Mbps ,
2022 07-27, 00:25, 0.96 ms , 949.09 Mbps , 948.20 Mbps ,
2022 07-27, 00:55, 0.90 ms , 950.69 Mbps , 948.98 Mbps ,
2022 07-27, 01:25, 0.96 ms , 945.97 Mbps , 948.36 Mbps ,
2022 07-27, 01:56, 0.80 ms , 952.30 Mbps , 948.86 Mbps ,
2022 07-27, 02:26, 0.92 ms , 947.73 Mbps , 948.49 Mbps ,
2022 07-27, 02:56, 0.81 ms , 948.03 Mbps , 948.37 Mbps ,
2022 07-27, 03:26, 0.93 ms , 947.87 Mbps , 948.92 Mbps ,
2022 07-27, 03:56, 0.93 ms , 947.30 Mbps , 948.91 Mbps ,
2022 07-27, 04:26, 0.82 ms , 951.06 Mbps , 948.45 Mbps ,
2022 07-27, 04:57, 0.81 ms , 949.24 Mbps , 948.92 Mbps ,
2022 07-27, 05:27, 0.82 ms , 948.38 Mbps , 948.59 Mbps ,
2022 07-27, 05:57, 0.74 ms , 950.17 Mbps , 948.95 Mbps ,
2022 07-27, 06:27, 0.89 ms , 948.29 Mbps , 948.81 Mbps ,
2022 07-27, 06:57, 0.84 ms , 945.84 Mbps , 948.04 Mbps ,
2022 07-27, 07:28, 0.84 ms , 949.56 Mbps , 948.32 Mbps ,
2022 07-27, 07:58, 0.77 ms , 947.33 Mbps , 948.80 Mbps ,
2022 07-27, 08:28, 0.82 ms , 947.94 Mbps , 948.87 Mbps ,
2022 07-27, 08:58, 0.82 ms , 945.96 Mbps , 948.91 Mbps ,
2022 07-27, 09:28, 0.88 ms , 948.19 Mbps , 948.84 Mbps ,
2022 07-27, 09:58, 0.84 ms , 950.19 Mbps , 948.93 Mbps ,
2022 07-27, 10:29, 0.82 ms , 946.34 Mbps , 948.90 Mbps ,
2022 07-27, 10:59, 0.89 ms , 949.30 Mbps , 948.92 Mbps ,
2022 07-27, 11:29, 0.86 ms , 948.31 Mbps , 948.86 Mbps ,
2022 07-27, 11:59, 0.80 ms , 951.69 Mbps , 948.89 Mbps ,
2022 07-27, 12:29, 0.88 ms , 948.33 Mbps , 948.74 Mbps ,
2022 07-27, 13:00, 0.95 ms , 949.20 Mbps , 947.76 Mbps ,
2022 07-27, 13:30, 0.88 ms , 947.86 Mbps , 949.39 Mbps ,
2022 07-27, 14:00, 0.94 ms , 951.08 Mbps , 948.79 Mbps ,
2022 07-27, 14:30, 0.74 ms , 947.21 Mbps , 948.61 Mbps ,
2022 07-27, 15:00, 0.79 ms , 948.26 Mbps , 948.65 Mbps ,
2022 07-27, 15:30, 0.89 ms , 949.77 Mbps , 948.01 Mbps ,
2022 07-27, 16:01, 0.89 ms , 949.50 Mbps , 948.87 Mbps ,
2022 07-27, 16:31, 0.89 ms , 948.01 Mbps , 948.85 Mbps ,
2022 07-27, 17:01, 0.89 ms , 946.81 Mbps , 948.72 Mbps ,
2022 07-27, 17:31, 0.86 ms , 948.47 Mbps , 948.69 Mbps ,
2022 07-27, 18:01, 0.96 ms , 948.77 Mbps , 949.10 Mbps ,
2022 07-27, 18:32, 0.95 ms , 949.07 Mbps , 948.09 Mbps ,
2022 07-27, 19:02, 0.76 ms , 945.31 Mbps , 949.59 Mbps ,
2022 07-27, 19:32, 0.91 ms , 950.67 Mbps , 948.80 Mbps ,
2022 07-27, 20:02, 0.85 ms , 946.57 Mbps , 948.92 Mbps ,
2022 07-27, 20:32, 0.78 ms , 947.56 Mbps , 948.51 Mbps ,
2022 07-27, 21:03, 0.96 ms , 947.79 Mbps , 948.85 Mbps ,
2022 07-27, 21:33, 0.93 ms , 949.79 Mbps , 948.82 Mbps ,
2022 07-27, 22:03, 0.86 ms , 948.99 Mbps , 948.98 Mbps ,
2022 07-27, 22:33, 0.85 ms , 950.24 Mbps , 948.90 Mbps ,
2022 07-27, 23:03, 0.81 ms , 947.53 Mbps , 948.97 Mbps ,
2022 07-27, 23:33, 0.81 ms , 950.33 Mbps , 948.87 Mbps ,
2022 07-27, 23:55, 0.86 ms , 946.90 Mbps , 948.83 Mbps ,
2022 07-28, 00:25, 0.89 ms , 948.66 Mbps , 948.40 Mbps ,
2022 07-28, 00:55, 0.88 ms , 949.04 Mbps , 948.78 Mbps ,
2022 07-28, 01:25, 0.93 ms , 946.69 Mbps , 948.91 Mbps ,
2022 07-28, 01:56, 0.84 ms , 948.02 Mbps , 948.84 Mbps ,
2022 07-28, 02:26, 0.92 ms , 944.80 Mbps , 947.95 Mbps ,
2022 07-28, 02:56, 0.75 ms , 951.60 Mbps , 948.82 Mbps ,
2022 07-28, 03:26, 0.81 ms , 948.41 Mbps , 948.89 Mbps ,
2022 07-28, 03:56, 0.86 ms , 948.77 Mbps , 948.42 Mbps ,
2022 07-28, 04:26, 0.90 ms , 948.24 Mbps , 948.93 Mbps ,
2022 07-28, 04:57, 0.87 ms , 948.44 Mbps , 948.70 Mbps ,
2022 07-28, 05:27, 0.88 ms , 949.67 Mbps , 948.72 Mbps ,
2022 07-28, 05:57, 0.79 ms , 949.43 Mbps , 948.46 Mbps ,
2022 07-28, 06:27, 0.75 ms , 947.81 Mbps , 948.90 Mbps ,
2022 07-28, 06:57, 0.94 ms , 947.18 Mbps , 946.73 Mbps ,
2022 07-28, 07:28, 0.81 ms , 950.50 Mbps , 948.83 Mbps ,
2022 07-28, 07:58, 0.93 ms , 947.24 Mbps , 948.63 Mbps ,
2022 07-28, 08:28, 0.73 ms , 947.19 Mbps , 948.43 Mbps ,
2022 07-28, 08:58, 0.84 ms , 948.37 Mbps , 948.60 Mbps ,
2022 07-28, 09:28, 0.91 ms , 952.31 Mbps , 949.27 Mbps ,
2022 07-28, 09:58, 0.84 ms , 951.41 Mbps , 949.38 Mbps ,
2022 07-28, 10:29, 0.79 ms , 949.81 Mbps , 948.97 Mbps ,
2022 07-28, 10:59, 0.81 ms , 950.08 Mbps , 948.58 Mbps ,
2022 07-28, 11:29, 0.82 ms , 948.84 Mbps , 948.98 Mbps ,
2022 07-28, 11:59, 0.80 ms , 949.92 Mbps , 948.92 Mbps ,
2022 07-28, 12:29, 0.95 ms , 946.92 Mbps , 948.87 Mbps ,
2022 07-28, 13:00, 0.82 ms , 949.38 Mbps , 948.90 Mbps ,
2022 07-28, 13:30, 0.89 ms , 949.27 Mbps , 948.23 Mbps ,
2022 07-28, 14:00, 0.84 ms , 950.78 Mbps , 948.87 Mbps ,
2022 07-28, 14:30, 0.84 ms , 950.18 Mbps , 949.15 Mbps ,
2022 07-28, 15:00, 0.63 ms , 949.96 Mbps , 948.88 Mbps ,
2022 07-28, 15:30, 0.91 ms , 950.10 Mbps , 945.47 Mbps ,
2022 07-28, 16:01, 0.83 ms , 947.78 Mbps , 948.77 Mbps ,
2022 07-28, 16:31, 0.71 ms , 949.15 Mbps , 948.55 Mbps ,
2022 07-28, 17:01, 0.91 ms , 949.02 Mbps , 948.91 Mbps ,
2022 07-28, 17:31, 0.86 ms , 948.04 Mbps , 948.50 Mbps ,
2022 07-28, 18:01, 0.88 ms , 946.77 Mbps , 948.90 Mbps ,
2022 07-28, 18:31, 0.72 ms , 949.16 Mbps , 948.84 Mbps ,
2022 07-28, 19:02, 0.85 ms , 949.86 Mbps , 948.93 Mbps ,
2022 07-28, 19:32, 0.92 ms , 948.87 Mbps , 949.28 Mbps ,
2022 07-28, 20:02, 0.71 ms , 946.84 Mbps , 948.36 Mbps ,
2022 07-28, 20:32, 0.89 ms , 951.41 Mbps , 948.12 Mbps ,
2022 07-28, 21:02, 0.77 ms , 946.85 Mbps , 948.95 Mbps ,
2022 07-28, 21:33, 0.96 ms , 949.46 Mbps , 948.82 Mbps ,
2022 07-28, 22:03, 0.89 ms , 948.92 Mbps , 948.86 Mbps ,
2022 07-28, 22:33, 0.63 ms , 948.64 Mbps , 946.62 Mbps ,
2022 07-28, 23:03, 0.92 ms , 945.76 Mbps , 948.92 Mbps ,
2022 07-28, 23:33, 0.94 ms , 947.25 Mbps , 949.00 Mbps ,
2022 07-28, 23:55, 0.84 ms , 951.66 Mbps , 948.58 Mbps ,
2022 07-29, 00:25, 0.93 ms , 949.51 Mbps , 948.46 Mbps ,
2022 07-29, 00:55, 0.89 ms , 949.64 Mbps , 948.94 Mbps ,
2022 07-29, 01:25, 0.86 ms , 947.73 Mbps , 948.96 Mbps ,
2022 07-29, 01:56, 0.78 ms , 949.17 Mbps , 948.97 Mbps ,
2022 07-29, 02:26, 0.86 ms , 949.06 Mbps , 948.13 Mbps ,
2022 07-29, 02:56, 0.97 ms , 949.13 Mbps , 948.64 Mbps ,
2022 07-29, 03:26, 0.89 ms , 948.88 Mbps , 948.82 Mbps ,
2022 07-29, 03:56, 0.96 ms , 949.95 Mbps , 948.66 Mbps ,
2022 07-29, 04:26, 0.90 ms , 949.77 Mbps , 948.14 Mbps ,
2022 07-29, 04:57, 0.96 ms , 950.00 Mbps , 948.89 Mbps ,
2022 07-29, 05:27, 0.86 ms , 947.26 Mbps , 949.24 Mbps ,
2022 07-29, 05:57, 0.86 ms , 949.28 Mbps , 948.85 Mbps ,
2022 07-29, 06:27, 0.97 ms , 948.82 Mbps , 948.35 Mbps ,
2022 07-29, 06:57, 0.87 ms , 949.12 Mbps , 948.93 Mbps ,
2022 07-29, 07:28, 0.85 ms , 950.29 Mbps , 948.87 Mbps ,
2022 07-29, 07:58, 0.86 ms , 947.56 Mbps , 948.71 Mbps ,
2022 07-29, 08:28, 0.89 ms , 949.58 Mbps , 948.84 Mbps ,
2022 07-29, 08:58, 0.75 ms , 951.37 Mbps , 948.89 Mbps ,
2022 07-29, 09:28, 0.85 ms , 952.43 Mbps , 948.89 Mbps ,
2022 07-29, 09:58, 0.71 ms , 950.00 Mbps , 948.81 Mbps ,
2022 07-29, 10:29, 0.96 ms , 948.66 Mbps , 948.87 Mbps ,
2022 07-29, 10:59, 0.88 ms , 950.45 Mbps , 948.77 Mbps ,
2022 07-29, 11:29, 0.89 ms , 951.64 Mbps , 949.38 Mbps ,
2022 07-29, 11:59, 0.84 ms , 949.52 Mbps , 948.91 Mbps ,
2022 07-29, 12:29, 0.92 ms , 949.90 Mbps , 948.79 Mbps ,
2022 07-29, 13:00, 0.80 ms , 948.15 Mbps , 948.66 Mbps ,
2022 07-29, 13:30, 0.90 ms , 950.75 Mbps , 948.80 Mbps ,
2022 07-29, 14:00, 0.75 ms , 950.92 Mbps , 948.87 Mbps ,
2022 07-29, 14:30, 0.88 ms , 948.57 Mbps , 948.90 Mbps ,
2022 07-29, 15:00, 0.85 ms , 944.84 Mbps , 948.13 Mbps ,
2022 07-29, 15:30, 0.88 ms , 948.76 Mbps , 948.94 Mbps ,
2022 07-29, 16:01, 0.81 ms , 949.37 Mbps , 948.76 Mbps ,
2022 07-29, 16:31, 0.90 ms , 949.52 Mbps , 949.28 Mbps ,
2022 07-29, 17:01, 0.86 ms , 950.15 Mbps , 948.81 Mbps ,
2022 07-29, 17:31, 0.92 ms , 950.37 Mbps , 948.59 Mbps ,
2022 07-29, 18:01, 0.88 ms , 947.64 Mbps , 948.72 Mbps ,
2022 07-29, 18:31, 0.67 ms , 949.20 Mbps , 948.89 Mbps ,
2022 07-29, 19:02, 0.84 ms , 947.80 Mbps , 948.89 Mbps ,
2022 07-29, 19:32, 0.73 ms , 947.51 Mbps , 948.93 Mbps ,
2022 07-29, 20:02, 0.75 ms , 949.67 Mbps , 948.73 Mbps ,
2022 07-29, 20:32, 0.93 ms , 947.02 Mbps , 948.99 Mbps ,
2022 07-29, 21:02, 0.92 ms , 947.02 Mbps , 948.88 Mbps ,
2022 07-29, 21:33, 0.87 ms , 949.40 Mbps , 948.81 Mbps ,
2022 07-29, 22:03, 0.81 ms , 949.16 Mbps , 945.67 Mbps ,
2022 07-29, 22:33, 0.82 ms , 950.42 Mbps , 948.75 Mbps ,
2022 07-29, 23:03, 0.82 ms , 949.24 Mbps , 948.85 Mbps ,
2022 07-29, 23:33, 0.87 ms , 948.66 Mbps , 948.88 Mbps ,
2022 07-29, 23:55, 0.93 ms , 949.77 Mbps , 948.84 Mbps ,
2022 07-30, 00:25, 0.75 ms , 949.58 Mbps , 948.81 Mbps ,
2022 07-30, 00:55, 0.83 ms , 949.32 Mbps , 948.81 Mbps ,
2022 07-30, 01:25, 0.74 ms , 950.57 Mbps , 948.77 Mbps ,
2022 07-30, 01:55, 0.87 ms , 950.95 Mbps , 947.74 Mbps ,
2022 07-30, 02:26, 0.84 ms , 947.00 Mbps , 948.88 Mbps ,
2022 07-30, 02:56, 0.92 ms , 947.55 Mbps , 948.90 Mbps ,
2022 07-30, 03:26, 0.89 ms , 946.67 Mbps , 948.24 Mbps ,
2022 07-30, 03:56, 0.85 ms , 949.58 Mbps , 948.64 Mbps ,
2022 07-30, 04:26, 0.75 ms , 947.19 Mbps , 947.61 Mbps ,
2022 07-30, 04:57, 0.89 ms , 949.11 Mbps , 948.91 Mbps ,
2022 07-30, 05:27, 0.89 ms , 950.43 Mbps , 948.86 Mbps ,
2022 07-30, 05:57, 0.95 ms , 951.00 Mbps , 948.86 Mbps ,
2022 07-30, 06:27, 0.89 ms , 949.81 Mbps , 948.84 Mbps ,
2022 07-30, 06:57, 0.94 ms , 946.26 Mbps , 947.79 Mbps ,
2022 07-30, 07:27, 0.86 ms , 948.90 Mbps , 948.68 Mbps ,
2022 07-30, 07:58, 0.91 ms , 948.44 Mbps , 948.82 Mbps ,
2022 07-30, 08:28, 0.78 ms , 948.28 Mbps , 948.91 Mbps ,
2022 07-30, 08:58, 0.76 ms , 949.47 Mbps , 947.70 Mbps ,
2022 07-30, 09:28, 0.88 ms , 950.67 Mbps , 947.86 Mbps ,
2022 07-30, 09:58, 0.78 ms , 950.57 Mbps , 949.25 Mbps ,
2022 07-30, 10:29, 0.85 ms , 947.98 Mbps , 947.99 Mbps ,
2022 07-30, 10:59, 0.88 ms , 950.60 Mbps , 946.46 Mbps ,
2022 07-30, 11:29, 0.82 ms , 946.16 Mbps , 948.87 Mbps ,
2022 07-30, 11:59, 0.85 ms , 948.48 Mbps , 948.84 Mbps ,
2022 07-30, 12:29, 0.76 ms , 946.64 Mbps , 948.90 Mbps ,
2022 07-30, 12:59, 0.88 ms , 946.58 Mbps , 949.01 Mbps ,
2022 07-30, 13:30, 0.79 ms , 948.71 Mbps , 948.59 Mbps ,
2022 07-30, 14:00, 0.88 ms , 946.94 Mbps , 948.72 Mbps ,
2022 07-30, 14:30, 0.81 ms , 950.01 Mbps , 948.90 Mbps ,
2022 07-30, 15:00, 0.91 ms , 950.30 Mbps , 949.11 Mbps ,
2022 07-30, 15:30, 0.94 ms , 950.88 Mbps , 948.87 Mbps ,
2022 07-30, 16:01, 0.86 ms , 950.36 Mbps , 949.04 Mbps ,
2022 07-30, 16:31, 0.87 ms , 946.85 Mbps , 948.90 Mbps ,
2022 07-30, 17:01, 0.80 ms , 949.80 Mbps , 948.80 Mbps ,
2022 07-30, 17:31, 0.82 ms , 948.78 Mbps , 949.34 Mbps ,
2022 07-30, 18:01, 0.87 ms , 947.34 Mbps , 947.70 Mbps ,
2022 07-30, 18:31, 0.75 ms , 949.45 Mbps , 948.89 Mbps ,
2022 07-30, 19:02, 0.92 ms , 951.60 Mbps , 948.89 Mbps ,
2022 07-30, 19:32, 0.69 ms , 949.74 Mbps , 948.93 Mbps ,
2022 07-30, 20:02, 0.84 ms , 949.47 Mbps , 947.55 Mbps ,
2022 07-30, 20:32, 0.79 ms , 949.91 Mbps , 948.78 Mbps ,
2022 07-30, 21:02, 0.81 ms , 948.77 Mbps , 948.88 Mbps ,
2022 07-30, 21:33, 0.88 ms , 948.31 Mbps , 948.52 Mbps ,
2022 07-30, 22:03, 0.83 ms , 949.62 Mbps , 946.34 Mbps ,
2022 07-30, 22:33, 0.92 ms , 948.58 Mbps , 948.76 Mbps ,
2022 07-30, 23:03, 0.86 ms , 949.12 Mbps , 948.41 Mbps ,
2022 07-30, 23:33, 0.89 ms , 945.39 Mbps , 948.42 Mbps ,
2022 07-30, 23:55, 0.74 ms , 947.37 Mbps , 948.75 Mbps ,
2022 07-31, 00:25, 0.82 ms , 948.30 Mbps , 948.51 Mbps ,
2022 07-31, 00:55, 0.93 ms , 948.69 Mbps , 948.35 Mbps ,
2022 07-31, 01:25, 0.71 ms , 948.49 Mbps , 948.27 Mbps ,
2022 07-31, 01:56, 0.93 ms , 949.44 Mbps , 948.93 Mbps ,
2022 07-31, 02:26, 0.85 ms , 946.74 Mbps , 948.79 Mbps ,
2022 07-31, 02:56, 0.85 ms , 947.13 Mbps , 948.89 Mbps ,
2022 07-31, 03:26, 0.87 ms , 949.54 Mbps , 948.64 Mbps ,
2022 07-31, 03:56, 0.88 ms , 948.78 Mbps , 948.84 Mbps ,
2022 07-31, 04:26, 0.72 ms , 948.07 Mbps , 948.73 Mbps ,
2022 07-31, 04:57, 0.88 ms , 950.88 Mbps , 948.87 Mbps ,
2022 07-31, 05:27, 0.84 ms , 952.04 Mbps , 948.90 Mbps ,
2022 07-31, 05:57, 0.71 ms , 950.63 Mbps , 948.80 Mbps ,
2022 07-31, 06:27, 0.85 ms , 949.15 Mbps , 948.86 Mbps ,
2022 07-31, 06:57, 0.92 ms , 951.03 Mbps , 947.49 Mbps ,
2022 07-31, 07:28, 0.93 ms , 949.74 Mbps , 948.62 Mbps ,
2022 07-31, 07:58, 0.90 ms , 950.41 Mbps , 948.87 Mbps ,
2022 07-31, 08:28, 0.79 ms , 946.94 Mbps , 948.91 Mbps ,
2022 07-31, 08:58, 0.86 ms , 949.88 Mbps , 948.83 Mbps ,
2022 07-31, 09:28, 0.90 ms , 950.06 Mbps , 948.85 Mbps ,
2022 07-31, 09:58, 0.63 ms , 946.12 Mbps , 948.85 Mbps ,
2022 07-31, 10:29, 0.77 ms , 951.59 Mbps , 948.63 Mbps ,
2022 07-31, 10:59, 0.83 ms , 947.60 Mbps , 947.77 Mbps ,
2022 07-31, 11:29, 0.71 ms , 944.81 Mbps , 948.26 Mbps ,
2022 07-31, 11:59, 0.88 ms , 951.01 Mbps , 949.41 Mbps ,
2022 07-31, 12:29, 0.82 ms , 949.18 Mbps , 948.83 Mbps ,
2022 07-31, 13:00, 0.89 ms , 950.78 Mbps , 948.91 Mbps ,
2022 07-31, 13:30, 0.87 ms , 948.05 Mbps , 948.93 Mbps ,
2022 07-31, 14:00, 0.92 ms , 949.16 Mbps , 948.75 Mbps ,
2022 07-31, 14:30, 0.84 ms , 948.27 Mbps , 948.88 Mbps ,
2022 07-31, 15:00, 0.88 ms , 950.38 Mbps , 948.81 Mbps ,
2022 07-31, 15:30, 0.80 ms , 949.39 Mbps , 948.80 Mbps ,
2022 07-31, 16:01, 0.90 ms , 949.91 Mbps , 948.90 Mbps ,
2022 07-31, 16:31, 0.78 ms , 949.87 Mbps , 947.73 Mbps ,
2022 07-31, 17:01, 0.81 ms , 949.97 Mbps , 948.88 Mbps ,
2022 07-31, 17:31, 0.88 ms , 948.96 Mbps , 948.98 Mbps ,
2022 07-31, 18:01, 0.80 ms , 948.00 Mbps , 949.13 Mbps ,
2022 07-31, 18:31, 0.90 ms , 950.70 Mbps , 949.30 Mbps ,
2022 07-31, 19:02, 0.87 ms , 950.49 Mbps , 948.97 Mbps ,
2022 07-31, 19:32, 0.81 ms , 949.81 Mbps , 948.48 Mbps ,
2022 07-31, 20:02, 0.88 ms , 948.96 Mbps , 949.00 Mbps ,
2022 07-31, 20:32, 0.60 ms , 947.61 Mbps , 948.94 Mbps ,
2022 07-31, 21:02, 0.94 ms , 948.84 Mbps , 948.39 Mbps ,
2022 07-31, 21:33, 0.91 ms , 951.35 Mbps , 947.44 Mbps ,
2022 07-31, 22:03, 0.86 ms , 949.04 Mbps , 947.06 Mbps ,
2022 07-31, 22:33, 0.95 ms , 949.38 Mbps , 948.97 Mbps ,
2022 07-31, 23:03, 0.71 ms , 949.91 Mbps , 947.53 Mbps ,
2022 07-31, 23:33, 0.91 ms , 950.66 Mbps , 949.38 Mbps ,
2022 07-31, 23:55, 0.87 ms , 950.24 Mbps , 948.61 Mbps ,
2022 08-01, 00:25, 0.83 ms , 949.03 Mbps , 948.89 Mbps ,
2022 08-01, 00:55, 0.81 ms , 947.07 Mbps , 948.53 Mbps ,
2022 08-01, 01:25, 0.94 ms , 946.57 Mbps , 948.56 Mbps ,
2022 08-01, 01:55, 0.66 ms , 947.34 Mbps , 948.68 Mbps ,
2022 08-01, 02:26, 0.81 ms , 949.44 Mbps , 947.58 Mbps ,
2022 08-01, 02:56, 0.73 ms , 948.79 Mbps , 949.11 Mbps ,
2022 08-01, 03:26, 0.94 ms , 944.08 Mbps , 948.65 Mbps ,
2022 08-01, 03:56, 0.86 ms , 948.94 Mbps , 948.73 Mbps ,
2022 08-01, 04:26, 0.94 ms , 948.86 Mbps , 947.90 Mbps ,
2022 08-01, 04:57, 0.92 ms , 948.49 Mbps , 948.79 Mbps ,
2022 08-01, 05:27, 0.75 ms , 949.12 Mbps , 948.92 Mbps ,
2022 08-01, 05:57, 0.85 ms , 948.65 Mbps , 948.98 Mbps ,
2022 08-01, 06:27, 0.82 ms , 951.54 Mbps , 948.84 Mbps ,
2022 08-01, 06:57, 0.88 ms , 949.19 Mbps , 949.08 Mbps ,
2022 08-01, 07:27, 0.92 ms , 949.21 Mbps , 948.79 Mbps ,
2022 08-01, 07:58, 0.78 ms , 948.04 Mbps , 948.93 Mbps ,
2022 08-01, 08:28, 0.79 ms , 946.67 Mbps , 948.80 Mbps ,
2022 08-01, 08:58, 0.91 ms , 949.01 Mbps , 947.36 Mbps ,
2022 08-01, 09:28, 0.86 ms , 950.00 Mbps , 948.56 Mbps ,
2022 08-01, 09:58, 0.79 ms , 949.41 Mbps , 948.32 Mbps ,
2022 08-01, 10:29, 0.88 ms , 947.91 Mbps , 948.57 Mbps ,
2022 08-01, 10:59, 0.93 ms , 951.59 Mbps , 946.70 Mbps ,
